id,name,category,offers,address,neighborhood,borough,zip,transit,hours,hours_notes,eligibility,what_to_bring,phone,languages,website,photo_commons,last_verified,verified_by,internal_notes,sources,to_confirm_on_call
F01,Brownsville Fresh Market Pantry,food,"Free groceries, first come first served until food runs out.",69 Belmont Ave,Brownsville,Brooklyn,11212,,Mon-Fri 09:00-17:00,Open until food runs out. Bring your own bags or cart.,,Bags or cart.,347-365-3812,,,,,,,https://www.foodhelpline.org/resources/brownsville-fresh-market-pantry,Hours and whether ID is needed.
F02,Brownsville Temple SDA Church Food Pantry,food,Free groceries.,1089 Clarkson Ave,Brownsville,Brooklyn,11212,,Sun 11:00-13:00,,,,718-345-3689,,,,,,,https://www.nycfoodpolicy.org/food-resource-guide-brownsville/,"Address (one source says 1085 Clarkson Ave). Every Sunday, or only 1st and 3rd Sundays?"
F03,Gethsemane Outreach Ministries Food Pantry,food,Free groceries.,144 Newport St,Brownsville,Brooklyn,11212,,Fri 13:00-15:00,,,,718-345-1868,,,,,,,https://www.nycfoodpolicy.org/food-resource-guide-brownsville/,"Hours: Fri 1-3pm in one source, Mon and Fri 6-7pm in another."
F04,Salvation Army Brownsville,food,Food pickup by appointment.,280 Riverdale Ave,Brownsville,Brooklyn,11212,,Mon-Fri 10:00-14:00,By appointment only.,,,718-345-7050,,,,,,,https://www.nycfoodpolicy.org/food-resource-guide-brownsville/,How to make an appointment; what to bring.
F05,Bethlehem Nation's Food Pantry,food,Free groceries. Register on site.,1962-84 Linden Blvd,East New York,Brooklyn,11207,,,,,ID required. Bring your own bags or cart.,718-257-8300,,,,,,,https://www.nycfoodpolicy.org/nyc-food-resource-guide-east-new-york-starrett-city/,Days and hours (none listed). Last verified by the guide Apr 2023.
F06,Family Services Network of New York Food Pantry,food,Free groceries.,1420 Bushwick Ave,East New York,Brooklyn,11207,,"Mon,Wed 09:00-13:00",,,"ID requested, but first-time visitors aren't turned away without it.",718-455-6010 x151,,,,,,,https://www.nycfoodpolicy.org/nyc-food-resource-guide-east-new-york-starrett-city/,Hours.
F07,Calvary UFW Baptist Church Food Pantry,food,Free groceries until food runs out.,1520-30 Herkimer St,East New York,Brooklyn,11207,,Tue 09:00-12:00,Until food runs out.,,No ID needed.,,,,,,,,https://www.nycfoodpolicy.org/nyc-food-resource-guide-east-new-york-starrett-city/,Phone number (none listed). Hours.
F08,Church of God of Prophecy,food,Food pantry on Saturdays; soup kitchen on Tuesdays.,71 Malta St,East New York,Brooklyn,11207,,Tue 15:00-18:30; Sat 10:00-12:00,"Tuesday is the soup kitchen, Saturday is the pantry.",,No ID needed.,718-649-5533,,,,,,,https://www.nycfoodpolicy.org/nyc-food-resource-guide-east-new-york-starrett-city/,Both schedules still running.
F09,Cornerstone SDA Church Food Pantry,food,Free groceries.,138 Pennsylvania Ave,East New York,Brooklyn,11207,,Thu 10:00-12:00,,,No ID needed.,718-332-8335,,,,,,,https://www.nycfoodpolicy.org/nyc-food-resource-guide-east-new-york-starrett-city/,Second number listed: 718-483-9753. A Liberty Ave Cornerstone listing asks for ID. Same program?
F10,House of David Worship Center Food Pantry,food,Free groceries.,747-749 Hendrix St,East New York,Brooklyn,11207,,Wed 10:30-12:30,"Registration on site 7:00-10:30am, then distribution.",,,718-649-5982,,,,,,,https://www.foodhelpline.org/locations/east_new_york,Listings differ on the exact times.
F11,East New York Seventh Day Adventist Church Food Pantry,food,Free groceries.,511 Elton St,East New York,Brooklyn,11208,,Thu 11:00-14:00,2nd and 4th Thursdays of the month only.,,,718-647-0764,,,,,,,https://www.foodhelpline.org/locations/east_new_york,Schedule and ID policy.
F12,Hope Empowerment and Development Zone Food Pantry,food,Free groceries. Walk-ins accepted.,369 New Lots Ave,East New York,Brooklyn,11207,,Sat 16:00-20:00,,,,,,,,,,,https://www.nycfoodpolicy.org/nyc-food-resource-guide-east-new-york-starrett-city/,Phone number (none listed). Still open?
F13,Community Healthcare Network Food Pantry,food,Free groceries (run with the Institute for Community Living).,2581 Atlantic Ave (entrance on Georgia Ave),East New York,Brooklyn,11207,,Wed 09:00-13:00,,,,,,,,,,,https://www.nycfoodpolicy.org/nyc-food-resource-guide-east-new-york-starrett-city/,Phone number (only an email listed). Who's eligible.
F14,Bed-Stuy Campaign Against Hunger,food,Large food pantry with fresh food.,2004 Fulton St,Bedford-Stuyvesant,Brooklyn,11233,,Mon-Fri 09:30-17:30,,,,718-773-3551,,bedstuyagainsthunger.org,,,,,https://council.nyc.gov/chi-osse/wp-content/uploads/sites/108/2026/02/Food-Bank-Resources-For-District-36.pdf,"Hours: Council sheet (Feb 2026) says Mon-Fri 9:30-5:30; another directory says Mon 10-3, Tue/Wed/Fri 10-6. One listing says 2010 Fulton St."
F15,Blessed Assurance Church of God Charity,food,Free groceries.,2093 Fulton St,Bedford-Stuyvesant,Brooklyn,11233,,Sat 07:00-11:00,,,ID required; may ask for annual wage report and Social Security number.,347-965-1725,,,,,,,https://www.nycfoodpolicy.org/nyc-food-resource-guide-east-new-york-starrett-city/,What documents are really required.
F16,True Holy Church of God in Christ,food,Soup kitchen and food pantry.,1981 Fulton St,Bedford-Stuyvesant,Brooklyn,11233,,,Food pantry Friday from 11am.,,,718-385-0248,,,,,,,https://www.coalitionforthehomeless.org/resources/beulah-church,Zip code. End time and soup kitchen days. Zip code from general knowledge.
F17,St. George's Episcopal Church Meals,food,Free prepared meals.,800 Marcy Ave,Bedford-Stuyvesant,Brooklyn,11216,,Tue-Thu 12:00-14:00,Closed on major holidays.,,,,,,,,,,https://foodhelpline.org/directory/locations/bedford_stuyvesant,Phone number (none listed). ID policy.
F18,Newman Memorial United Methodist Church Meals,food,Ready-to-eat meals.,257 Macon St,Bedford-Stuyvesant,Brooklyn,11216,,Wed 10:00-13:00,,,ID required.,,,,,,,,https://foodhelpline.org/directory/locations/bedford_stuyvesant,Phone number (none listed).
F19,Bridge Street AME Church Soup Kitchen,food,Soup kitchen.,277 Stuyvesant Ave,Bedford-Stuyvesant,Brooklyn,11221,,Wed 11:00-13:00,,,,718-452-3936,,,,,,,https://foodhelpline.org/directory/locations/bedford_stuyvesant,Directory says hours not verified in 6+ months.
F20,Beulah Church of God in Christ Jesus,food,Food pantry (once a month) and soup kitchen.,956 Marcy Ave,Bedford-Stuyvesant,Brooklyn,11216,,Wed 12:30-14:00,"Soup kitchen Wed. Pantry once a month, Tue or Thu 10:30am-1pm. Call for the date.",,ID required.,718-636-8500,,,,,,,https://foodhelpline.org/directory/locations/bedford_stuyvesant https://www.coalitionforthehomeless.org/resources/beulah-church,Possibly closed (marked closed May 2023). Address 956 or 929 Marcy Ave? Phone 718-636-8500 or 718-484-3823? Coalition lists Sunday soup kitchen too.
F21,St. John's Bread & Life,food,Food program (soup kitchen and pantry).,795 Lexington Ave,Bedford-Stuyvesant,Brooklyn,11221,,,,,,718-574-0058,,,,,,,https://foodhelpline.org/directory/locations/bedford_stuyvesant,"Days, hours, eligibility (none listed)."
F22,Community Conversation and Collaboration Food Pantry,food,Free groceries.,50 New York Ave,Bedford-Stuyvesant,Brooklyn,11216,,Mon 16:00-17:00,1st and 3rd Mondays only. Bring your own bags or cart.,,Bags or cart.,,,,,,,,https://www.nycfoodpolicy.org/nyc-food-resource-guide-bedford-stuyvesant/,Phone number (none listed).
F23,Bethany United Methodist Church,food,Soup kitchen; grocery pantry every other week; some grab-and-go hot meals.,1208 St Johns Pl,Crown Heights,Brooklyn,11213,,Tue 12:30-14:30,Pantry every other Tuesday. Grab-and-go hot meals every other Thursday 5-7pm.,,,718-774-5689,,,,,,,https://nycfoodpolicy.org/?p=20009,Which weeks the pantry runs.
F24,Berean Baptist Church Food Pantry,food,Free groceries. Halal and kosher sometimes available.,118 Rochester Ave,Crown Heights,Brooklyn,11213,,Sat 12:30-14:30,,,,718-778-2938,,,,,,,https://nycfoodpolicy.org/?p=20009,"Source says 12:30AM-2:30PM, probably a typo for 12:30pm."
F25,Church of God in Christ on the Hill,food,Grab-and-go pantry and soup kitchen.,137 Buffalo Ave,Crown Heights,Brooklyn,11213,,Fri 12:00-15:00,"Closes when food runs out, around 2-3pm.",,,718-773-3780,,,,,,,https://nycfoodpolicy.org/?p=20009,Hours.
F26,Manna Ministries (Church of God Seventh Day Pentecostal),food,Free groceries.,922 St Marks Ave,Crown Heights,Brooklyn,11213,,Tue 17:00-18:00,,,ID and proof of address.,718-221-9718,,,,,,,https://nycfoodpolicy.org/?p=20009,Hours.
F27,Catholic Charities at St. Gregory the Great,food,Food pantry.,244 Brooklyn Ave,Crown Heights,Brooklyn,11213,,,,,ID required.,718-773-0100,,,,,,,https://nycfoodpolicy.org/?p=20009,Days and hours (cut off in source). Catholic Charities hotline listed as 718-722-6001.
F28,Calvary Pentecostal Church Food Pantry,food,Free groceries. Tickets handed out first.,520 Kingston Ave,Crown Heights,Brooklyn,11225,,Tue 10:00-11:00,Tickets handed out at 8am Tuesday.,,ID required.,347-713-4451,,,,,,,https://www.nycfoodpolicy.org/food-resource-guide-south-crown-heights-lefferts-gardens/,Second number listed: 718-778-7373.
F29,NYC HRA Brooklyn benefits office,food,Apply for SNAP and other benefits in person (HRA program offices).,2400 Fulton St,,Brooklyn,11233,,Mon-Fri 08:30-17:00,,,,,,,,,,,https://www.nyc.gov/site/hra/news/changes-to-hra-snap-centers.page,"Did the move from 88 3rd Ave to 2400 Fulton St happen? Is it a SNAP center? Zip, phone (try HRA InfoLine 718-557-1399). Zip code from general knowledge."
H01,HELP Women's Shelter (single women's intake),housing,City shelter intake for single adult women in Brooklyn.,116 Williams Ave (between Liberty and Glenmore Aves),East New York,Brooklyn,11207,,,,Single adult women.,ID if available.,,,,,,,,https://access.nyc.gov/programs/homeless-intake-shelters-and-drop-in-centers-dics/,"Hours (24/7?), phone, zip (one source says 11217)."
H02,PATH intake center (families with children),housing,"Where families with children under 21, or pregnant people, apply for city shelter.","151 East 151st St, Bronx",Bronx (citywide),Citywide,10451,,24/7,Open 24/7; applications processed 9am-5pm. Expect a 6-7 hour wait. Diversion counselors may offer other options first.,"Families with children under 21, or pregnant people.","IDs for everyone; a list of every place you've lived in the last 2 years, with names and numbers of people who can confirm it.",718-503-6400,,,,,,,https://www.nyc.gov/site/dhs/shelter/families/families-with-children-applying.page https://nylag.org/wp-content/uploads/2023/07/6.20.2023-NYLAG-Testimony-General-Welfare-Committee-D.-Berkman-1-2.pdf,Phone (another source: 917-521-3900). Zip. Zip code from general knowledge.
H03,Single Men's Intake,housing,City shelter intake for single adult men.,"8 East 3rd St (between Bowery and 2nd Ave), Manhattan",Manhattan (citywide),Citywide,10003,,,"Moved from 400-430 East 30th St on Aug 1, 2026. Staff at 30th St redirect people.",Single adult men.,,,,,,,,,https://www.nyc.gov/assets/dhs/downloads/pdf/press-releases/pr-30th-st-intake-shelter-update-2026.pdf,"Hours, phone, zip. Zip code from general knowledge."
H04,Adult Families Intake,housing,City shelter intake for adult couples and families with no children under 21.,"333 Bowery (between East 2nd and 3rd Sts), Manhattan",Manhattan (citywide),Citywide,10003,,,,Adult families with no children under 21.,,,,,,,,,https://www.nyc.gov/assets/dhs/downloads/pdf/press-releases/pr-30th-st-intake-shelter-update-2026.pdf,"Has it opened at 333 Bowery yet? Hours, phone, zip. Zip code from general knowledge."
H05,"Franklin Shelter (single women's intake, Bronx)",housing,City shelter intake for single adult women (Bronx site).,"1122 Franklin Ave, Bronx",Bronx (citywide),Citywide,10456,,,,Single adult women.,,929-281-2330,,,,,,,https://access.nyc.gov/programs/homeless-intake-shelters-and-drop-in-centers-dics/,"Hours, zip. Zip code from general knowledge."
H06,The Gathering Place (drop-in center),housing,"24-hour drop-in for single adults: meals, showers, laundry, clothing, medical care, help getting into shelter. Chairs, not beds.",2402 Atlantic Ave,East New York,Brooklyn,11233,A train to Broadway Junction,24/7,Includes holidays.,Single adults 18+.,,718-385-8726,,,,,,,https://www.coalitionforthehomeless.org/get-help/i-need-shelter/drop-in-centers/,Phone (another source: 718-385-8713).
H07,CAMBA HomeBase (Fulton St),housing,"Eviction prevention: case management, help with back rent and benefits, short-term financial help.","1958 Fulton St, 2nd Floor",Bedford-Stuyvesant,Brooklyn,11233,,,,"People at risk of losing housing. Serves zips including 11213, 11216, 11233 and 11238.",,718-408-5756 x37100,,,,,,,https://www.nyc.gov/assets/hra/downloads/pdf/services/homelessness-prevention/homebase/homebase-flyer-brooklyn.pdf,"Hours, zip, exact zips served. Zip code from general knowledge."
H08,CAMBA HomeBase (Eastern Parkway),housing,"Eviction prevention: case management, help with back rent and benefits, short-term financial help.",1117 Eastern Pkwy,Crown Heights,Brooklyn,11213,,,,People at risk of losing housing.,,718-622-7323,,,,,,,https://www.nyc.gov/assets/hra/downloads/pdf/services/homelessness-prevention/homebase/homebase-flyer-brooklyn.pdf,Hours. Is this a HomeBase walk-in site?
H09,Catholic Charities HomeBase (Fulton St),housing,"Eviction prevention for East New York (11207, 11208, 11239).",,East New York,Brooklyn,,,,,"People at risk of losing housing in 11207, 11208, 11239.",,,,,,,,,https://www.nyc.gov/assets/hra/downloads/pdf/services/homelessness-prevention/homebase/homebase-flyer-brooklyn.pdf,Address and phone (flyer text was garbled). Call 311 and ask for HomeBase.
H10,Brooklyn Legal Services: East New York/Brownsville Tenant Rights Coalition,housing,"Free lawyers for tenants facing eviction, lockouts or serious repair problems.",1709 St. Marks Ave,Brownsville,Brooklyn,11233,,,"Intake line 917-661-4500, Mon-Fri 9:30am-4pm.","Brooklyn tenants. Right to Counsel covers every zip, regardless of immigration status.","Court papers, lease, rent receipts.",718-237-5500,,legalservicesnyc.org,,,,,https://www.legalservicesnyc.org/our-program/brooklyn https://www.nyc.gov/site/hra/help/legal-services-for-tenants.page,Walk-in hours at the office.
H11,Brooklyn A (Brooklyn Legal Services Corporation A),housing,Free eviction defense and tenant advocacy.,"260 Broadway, Suite 2",Williamsburg,Brooklyn,11211,,,,Low-income Brooklyn tenants.,"Court papers, lease.",718-487-2300,,bka.org,,,,,https://hcr.ny.gov/legal-service-providers-new-york-city-area,Is the eastern Brooklyn Fulton St office open? Address.
H12,Legal Aid Society at Brooklyn Housing Court,housing,Free lawyers for tenants with cases in Brooklyn Housing Court.,"141 Livingston St, 2nd Floor",Downtown Brooklyn,Brooklyn,11201,,,"At your first court date you can say ""I would like an attorney.""",Tenants with a Brooklyn Housing Court case.,Court papers.,212-577-3300,,legalaidnyc.org,,,,,https://legalaidnyc.org/get-help/government-benefits/what-you-need-to-know-about-one-shot-deals-for-back-rent/ https://www.nyc.gov/site/hra/help/legal-services-for-tenants.page,Office hours.
H13,HRA One-Shot Deal (emergency rent help),housing,One-time emergency grant to pay back rent and stop an eviction. Paid to the landlord or the court. Most people repay part of it.,,Citywide (apply online),Citywide,,,,Apply on ACCESS HRA (online or app) or at a Benefits Access Center. HRA usually calls within a few business days.,"Low-income households with a lease, a rent-stabilized unit, or a landlord agreement to stay. No need to be on public assistance.",Rent demand or landlord letters showing rent owed; any court papers or stipulations; ID; proof of income.,718-557-1399,,,,,,,https://www.nyc.gov/assets/hra/downloads/pdf/benefits/Emergency-Rental-Assistance-Grant-Flyer.pdf https://www.legalservicesnyc.org/resources/how-do-i-apply-for-a-one-shot-deal,No address: phone/online only. Decide whether the app should allow listings without an address.
F30,ACCESS HRA: apply for SNAP online,food,"Apply for SNAP (food stamps), cash assistance and Medicaid online or in the ACCESS HRA app. Upload documents with your phone.",,Citywide (online),Citywide,,,,"Apply online any time. The eligibility interview can be by phone: 718-SNAP-NOW (718-762-7669), Mon-Fri 8:30am-5pm.",Low-income NYC residents.,"Photos of ID, proof of income and proof of address, uploaded in the app.",718-557-1399,,nyc.gov/accesshra,,,,,https://access.nyc.gov/programs/supplemental-nutrition-assistance-program-snap/,Phone 718-557-1399 is the HRA InfoLine. Check the interview line and hours.
F31,WIC (Growing Up Healthy Hotline),food,"Food benefits, nutrition help and breastfeeding support for pregnant people, new parents and young children. The hotline finds your nearest WIC office.",,Citywide (phone),Citywide,,,,"Call to find a local WIC office, then make an appointment there.","Pregnant people; mothers of babies up to 6 months, or up to 12 months if breastfeeding; children under 5. Income limits apply; SNAP, Medicaid or TANF usually qualifies. U.S. citizenship not required.","Proof of income, address and identity.",800-522-5006,,,,,,,https://growingupnyc.cityofnewyork.us/?p=7017,Hotline hours.
F32,Lemontree FoodHelpline,food,"Texting service that finds open food pantries near you, with wait times and schedules.",,Citywide (text or web),Citywide,,,Mon-Sun 10:00-18:00,Text 90847 or message on WhatsApp.,Anyone.,,,,foodhelpline.org,,,,,https://foodhelpline.org/directory/locations/bedford_stuyvesant,Text number and hours.
C01,NYC Care,health,"Low- or no-cost health care at NYC Health + Hospitals: primary care, mental health, sexual and reproductive health, low-cost medicine. Members get a card and 24/7 customer service. Sliding scale; the lowest incomes pay nothing.",,Citywide (phone or web),Citywide,,,,Call or sign up online. Privacy and confidentiality guaranteed.,"New Yorkers who can't afford or aren't eligible for health insurance, regardless of immigration status. No waiting period for new arrivals.",,646-692-2273,"English, Spanish and many more",nyccare.nyc,,,,,https://www.nyccare.nyc/nyc-health-hospitals-nyc-care-program-launches-citywide-public-awareness-campaign-focused-on-health-care-access/,Enrollment hours and documents.
C02,NY State of Health (health insurance marketplace),health,"Apply for Medicaid, the Essential Plan, Child Health Plus or private insurance. Free help from navigators near you.",,Statewide (phone or web),Citywide,,,Mon-Fri 08:00-20:00; Sat 09:00-13:00,TTY 800-662-1220.,New York residents.,,855-355-5777,,nystateofhealth.ny.gov,,,,,https://nystateofhealth.ny.gov/frequently-asked-questions.html,Phone hours.
C03,"Gotham Health, East New York",health,NYC Health + Hospitals neighborhood clinic: primary care.,2094 Pitkin Ave,East New York,Brooklyn,11207,,,,Anyone; NYC Care members and the uninsured welcome.,ID and insurance card if you have them.,718-240-0400,,,,,,,https://www.nychealthandhospitals.org/kings-county/neighborhood-health-centers,"Hours, services (pediatrics, women's health?)."
C04,"Gotham Health, Brownsville",health,NYC Health + Hospitals neighborhood clinic: primary care.,259 Bristol St,Brownsville,Brooklyn,11212,,,,Anyone; NYC Care members and the uninsured welcome.,ID and insurance card if you have them.,718-495-7283,,,,,,,https://www.nychealthandhospitals.org/kings-county/neighborhood-health-centers,"Hours, services."
C05,"Gotham Health, Crown Heights",health,NYC Health + Hospitals neighborhood clinic: primary care.,1218 Prospect Pl,Crown Heights,Brooklyn,11213,,,,Anyone; NYC Care members and the uninsured welcome.,ID and insurance card if you have them.,718-735-0561,,,,,,,https://www.nychealthandhospitals.org/kings-county/neighborhood-health-centers,"Hours, services."
C06,"Gotham Health, Sutter Avenue",health,NYC Health + Hospitals neighborhood clinic: primary care.,1091 Sutter Ave,East New York,Brooklyn,11208,,,,Anyone; NYC Care members and the uninsured welcome.,ID and insurance card if you have them.,718-647-0800,,,,,,,https://www.nychealthandhospitals.org/kings-county/neighborhood-health-centers,"Hours, services."
C07,"Gotham Health, McKinney",health,NYC Health + Hospitals neighborhood clinic: primary care.,594 Albany Ave,East Flatbush,Brooklyn,11203,,,,Anyone; NYC Care members and the uninsured welcome.,ID and insurance card if you have them.,718-245-7000,,,,,,,https://www.nychealthandhospitals.org/kings-county/neighborhood-health-centers,"Hours, services."
C08,NYC Health + Hospitals/Kings County,health,Public hospital with an emergency room. Psychiatric emergency program on site.,451 Clarkson Ave,East Flatbush,Brooklyn,11203,,,Psychiatric emergency (CPEP): 718-245-2310.,"Anyone, regardless of insurance or immigration status.",ID and insurance card if you have them.,718-245-3131,,,Kings County Hospital Center S Building.png,,,,https://www.downstate.edu/education-training/fellowship-residency-programs/psychiatry/fellowships/child-adolescent-psychiatry/contact.html,Main phone (another source: 718-245-3901). ER and CPEP hours (24/7?).
P01,NYC 988 (formerly NYC Well),mental_health,"Free, confidential crisis counseling by phone, text or chat, in 200+ languages. Text AYUDA for Spanish; text Q for LGBTQI+ support if under 25.",,"Citywide (phone, text or chat)",Citywide,,,24/7,"Call or text 988, or chat on the NYC 988 website. Veterans can text 838255. For immediate danger, call 911.","Anyone in NYC, regardless of immigration status.",,988,200+ languages,nyc.gov/988,,,,,https://access.nyc.gov/programs/nyc-well/,
P02,Crisis Text Line,mental_health,"Free crisis counseling by text with a trained volunteer: suicidal thoughts, self-harm, depression, anxiety, grief, abuse, loneliness, bullying.",,Nationwide (text),Citywide,,,24/7,Text HOME to 741741. May not work on some prepaid phone plans.,Anyone in the U.S.,,,,crisistextline.org,,,,,https://students.gwu.edu/crisis-text-line,
P03,The Trevor Project,mental_health,"Crisis counseling for LGBTQ young people by phone, text or chat.",,"Nationwide (phone, text or chat)",Citywide,,,24/7,"Text START to 678-678, or chat on the website.",LGBTQ young people under 25.,,866-488-7386,,thetrevorproject.org,,,,,https://resources.mutualaid.nyc/organizations/1103624774630725,
P04,NAMI-NYC Helpline,mental_health,"Peer support from people with lived experience of mental illness, for individuals and families. Help finding services. Free.",,"Citywide (phone, text or email)",Citywide,,,Mon-Fri 10:00-17:00,"Call or text. Email helpline@naminyc.org. Not a crisis line; for a crisis, use 988.","Anyone, regardless of income, insurance or immigration status. Teens 14-17 can talk to peers close in age.",,212-684-3264,"English, Spanish, Chinese and 180+ more",naminycmetro.org,,,,,https://www.naminycmetro.org/helpline/,Hours (older materials say 10am-6pm).
P05,Community Counseling and Mediation (CCM) Brooklyn,mental_health,Counseling and therapy on a sliding scale.,25 Elm Pl,Downtown Brooklyn,Brooklyn,11201,,,,"Accepts Medicaid and Medicare. Sliding scale without insurance, from $35 a session.","Photo ID, proof of income, proof of address (for the lowest fee).",718-802-0666,,,,,,,https://humanrights.weill.cornell.edu/community-counseling-and-mediation-ccm-brooklyn,"Hours, current fees, wait list."
E01,Brooklyn Public Library: Central Adult Learning Center,education,"Free high school equivalency (HSE/GED) prep, pre-HSE reading and math, and a Fast Track HSE class.","10 Grand Army Plaza, 3rd Floor",Prospect Heights,Brooklyn,11238,,"Mon,Wed 13:00-20:00; Tue,Thu 10:00-17:00; Sat 10:00-14:00",,Adults 17 and older.,,718-230-2191,,bklynlibrary.org/literacy/learning-centers,"Brooklyn Public Library, central branch.jpg",,,,https://www.bklynlibrary.org/literacy/learning-centers,Hours (listing may be out of date). How to register.
E02,Brooklyn Public Library: free English classes (ESOL),education,Free English classes at libraries across Brooklyn. Beginner drop-in classes need no registration; longer courses may need an application and placement test.,10 Grand Army Plaza,Prospect Heights,Brooklyn,11238,,,"Classes run mornings, afternoons, evenings and Saturdays at many branches.",Adults.,,718-230-2100,,bklynlibrary.org/esol,"Brooklyn Public Library, central branch.jpg",,,,https://www.bklynlibrary.org/esol,Nearest branch with classes for East Brooklyn.
E03,Brooklyn Public Library: Business & Career Library,education,"Free help with job searches, resumes, career planning and personal finance.",10 Grand Army Plaza,Prospect Heights,Brooklyn,11238,,,,Anyone.,,718-230-2100,,bklynlibrary.org,"Brooklyn Public Library, central branch.jpg",,,,https://www.bklynlibrary.org/literacy/learning-centers,"Hours, appointment needed?"
E04,NYC Public Schools Family Welcome Center (St. Marks),education,"Help enrolling children in NYC public schools, including newly arrived families. Serves Districts 19, 23 and 32 (East New York, Brownsville, Bushwick).","1665 St. Marks Ave, Room 116",Brownsville,Brooklyn,11233,,Mon-Thu 08:00-17:00; Fri 08:00-15:00,Book ahead: 718-935-2828. Virtual appointments available. Most elementary and middle school students can enroll directly at their zoned school.,Families with school-age children.,ID and the documents on the Registration Checklist.,718-240-3598,,schools.nyc.gov/fwc,,,,,https://schools.nyc.gov/fwc,St. Marks Avenue or Place?
E05,NYC Public Schools Family Welcome Center (Ocean Ave),education,"Help enrolling children in NYC public schools. Serves Districts 16, 17, 18 and 22 (Bed-Stuy, Crown Heights, Flatbush, East Flatbush).","1780 Ocean Ave, 3rd Floor",Midwood,Brooklyn,11230,,Mon-Thu 08:00-17:00; Fri 08:00-15:00,Book ahead: 718-935-2828. Virtual appointments available.,Families with school-age children.,ID and the documents on the Registration Checklist.,718-758-7744,,schools.nyc.gov/fwc,,,,,https://schools.nyc.gov/fwc,
E06,Khan Academy,education,"Free online lessons, videos and practice in math, reading, science and more, for kids and adults.",,Online,Citywide,,,24/7,,Anyone.,,,,khanacademy.org,,,,,https://support.khanacademy.org/hc/en-us/articles/202260114-Does-it-cost-money-to-use-Khan-Academy,
E07,GCFLearnFree,education,"Free self-paced lessons in computer basics, email, Microsoft Office, reading and math. No sign-up.",,Online,Citywide,,,24/7,,Anyone.,,,Ten languages,gcflearnfree.org,,,,,https://www.smartchicagocollaborative.org/connect-chicago-toolkit-gcflearnfree-org/,
K01,NYC 311,community,"The city's help line for any city service: shelter, food, benefits, repairs, complaints, legal help referrals. Dialing 211 in NYC also connects here.",,Citywide (phone),Citywide,,,24/7,From outside NYC call 212-639-9675.,Anyone.,,311,170+ languages,,,,,,https://helphubforfamilies.ny.gov/next-steps/211-or-311/,
K02,findhelp.org,community,"Search free and reduced-cost programs by zip code: food, housing, health, money, education, work and legal help.",,Online,Citywide,,,24/7,No login needed.,Anyone.,,,,findhelp.org,,,,,https://preventchildabuse.org/connect-with-services-in-your-community/,
K03,Mutual Aid NYC resource library,community,"Volunteer-run library of NYC resources, plus a map of neighborhood mutual aid groups.",,Online,Citywide,,,24/7,,Anyone.,,,,resources.mutualaid.nyc,,,,,https://resources.mutualaid.nyc/about,Is the library still updated?
K04,NYC Service (volunteer),community,The city's volunteer office: one-time and ongoing volunteer opportunities with 800+ nonprofits.,,Online,Citywide,,,24/7,,Anyone who wants to volunteer.,,,,nycservice.org,,,,,https://www.nycservice.org/volunteer,
M01,Holy Apostles Soup Kitchen,food,"Hot lunch, plus a food pantry and social services (clothing, ID help, haircut vouchers).",296 Ninth Ave (at 28th St),Chelsea,Manhattan,10001,C or E train to 23 St,Mon-Fri 10:30-12:00,Food pantry Tue-Thu.,Anyone. Pantry requires ID.,ID for the pantry.,212-924-0167,,holyapostlesnyc.org,Church of the Holy Apostles from 28th Street.jpg,,,,https://www.coalitionforthehomeless.org/wp-content/uploads/2026/08/Resources-Guide_2026.pdf https://www.coalitionforthehomeless.org/resources/holy-apostles-soup-kitchen/,Lunch end time (12:00 or 12:30).
M02,The Bowery Mission,food,"Three free meals a day, showers, clothing, and shelter programs.",227 Bowery,Lower East Side,Manhattan,10002,,Mon-Sun 08:00-09:00 13:00-14:00 17:30-18:30,Food pantry 3rd Saturday of the month at 8am.,Anyone.,,212-226-6214,,,,,,,https://www.coalitionforthehomeless.org/wp-content/uploads/2026/08/Resources-Guide_2026.pdf,Address (2026 guide lists 90 Lafayette St). Is chapel still required before meals?
M03,Xavier Mission,food,Free meals and pantry with social services.,55 W 15th St,Chelsea,Manhattan,10011,,Mon-Fri 09:30-14:00,,Anyone.,,212-627-2100,,,,,,,https://www.coalitionforthehomeless.org/wp-content/uploads/2026/08/Resources-Guide_2026.pdf,Hours (2024 guide said Mon-Sat 10am-6pm).
M04,St. Francis Breadline,food,"Breakfast handed out every morning, as it has been since 1930.",135 W 31st St,Midtown,Manhattan,10001,,,Every morning around 7am; the line forms about 6:45am.,Anyone. Walk-ins welcome.,,646-766-1552,,,,,,,https://feedam.org/resource/174180,Phone and exact times.
M05,Food Bank For New York City Community Kitchen & Pantry,food,"Hot community meals, free senior lunch, and a grocery pantry.",252 W 116th St,Harlem,Manhattan,10026,,Mon-Fri 12:00-13:00,Pantry Tue-Thu; book on the Plentiful app.,Anyone. Pantry asks for ID.,ID for the pantry.,212-566-7855,,foodbanknyc.org,,,,,https://foodbanknyc.org/?p=1521,Pantry hours (listings disagree).
M06,Church of St. Paul the Apostle Soup Kitchen,food,Free meal twice a week.,405 W 59th St,Hell's Kitchen,Manhattan,10019,,"Tue,Thu 11:30-12:30",,Anyone. Walk-ins welcome.,,212-265-3495,,,,,,,https://networks.whyhunger.org/organisation/16717,
M07,God's Love We Deliver,food,Free medically tailored meals delivered to people too sick to cook or shop. Delivers citywide.,166 Avenue of the Americas,SoHo,Manhattan,10013,,,"Needs a referral from a doctor, care team or health plan.",People with one of 200+ serious or chronic illnesses. Any income.,,212-294-8100,,,,,,,https://resources.mutualaid.nyc/organizations/762222021081747,How to apply without a referral.
M08,Mainchance Drop-In Center,housing,"Drop-in for single adults: meals, showers, laundry, clothing, medical care, help getting into shelter.",120 E 32nd St (between Park and Lexington),Murray Hill,Manhattan,10016,6 train to 33 St,24/7,,Single adults 18+.,,212-883-0680,,,,,,,https://www.nyc.gov/assets/dhs/downloads/pdf/intake_drop_in_centers.pdf,
M09,Olivieri Center (drop-in),housing,"Drop-in for single adults: meals, showers, laundry, help getting into shelter.",257 W 30th St (between 7th and 8th Aves),Chelsea,Manhattan,10001,"A, C, E, 1, 2, 3 to Penn Station",24/7,,Single adults 18+.,,212-947-3211,,,,,,,https://www.nyc.gov/assets/dhs/downloads/pdf/intake_drop_in_centers.pdf https://www.coalitionforthehomeless.org/get-help/i-need-shelter/drop-in-centers/,24/7 or 7:30am-8:30pm (sources disagree).
M10,Covenant House New York,housing,"Emergency shelter for young people, open 24/7, with food, clothing, medical care and job help.",460 W 41st St,Hell's Kitchen,Manhattan,10036,,24/7,LGBTQ+ youth welcome.,Young people 16-24.,,212-613-0300,,ny.covenanthouse.org,,,,,https://ny.covenanthouse.org/get-help/,Age range (some listings say under 21).
M11,Ali Forney Center Drop-In,housing,"Drop-in for LGBTQ+ young people experiencing homelessness: meals, showers, health care, housing help.","307 W 38th St, 3rd Floor",Midtown,Manhattan,10018,,Mon-Fri 08:00-20:00; Sat-Sun 10:00-18:00,New intakes during these hours. Closed Wed 2-4pm.,LGBTQ+ young people up to 24.,,212-206-0574 x100,,aliforneycenter.org,,,,,https://www.AliForneyCenter.org https://www.nyc.gov/site/dycd/services/runaway-homeless-youth/borough-based-drop-in-centers.page,Phone (state list: 212-222-3427).
M12,"The Door (youth drop-in, Manhattan)",housing,"Drop-in for young people: food, showers, health care, counseling, legal help, school and job help.",555 Broome St,SoHo,Manhattan,10013,,,,Young people 14-24.,,646-690-8986,,,,,,,https://www.nyc.gov/site/dycd/services/runaway-homeless-youth/borough-based-drop-in-centers.page,Hours; address (another listing: 121 6th Ave).
M13,NYC Health + Hospitals/Bellevue,health,Public hospital with a 24/7 emergency room.,462 First Ave,Kips Bay,Manhattan,10016,,,,"Anyone, regardless of insurance or immigration status.",ID and insurance card if you have them.,212-562-4141,,nychealthandhospitals.org,Bellevue Hospital Center.jpg,,,,https://www.nychealthandhospitals.org/hivaids-testing-locations/,
M14,NYC Health + Hospitals/Harlem,health,Public hospital with a 24/7 emergency room.,506 Lenox Ave,Harlem,Manhattan,10037,,,,"Anyone, regardless of insurance or immigration status.",ID and insurance card if you have them.,212-939-1000,,nychealthandhospitals.org,Harlem Hospital Center Lenox Avenue facade.jpg,,,,https://www.nychealthandhospitals.org/hivaids-testing-locations/,
M15,Callen-Lorde (Chelsea),health,"Primary care, sexual health, mental health and gender-affirming care for LGBTQ+ people. Sliding scale from $20; no one turned away for inability to pay.",356 W 18th St,Chelsea,Manhattan,10011,,,,"LGBTQ+ people, regardless of insurance or ability to pay.",Proof of income for the sliding scale.,212-271-7200,,callen-lorde.org,,,,,https://freeclinics.us/clinic/callen-lorde-chelsea/,Hours.
M16,Manhattan Family Justice Center,safety,"Help for survivors of domestic and gender-based violence: safety planning, orders of protection, custody, housing and immigration legal help. No appointment.","80 Centre St, 5th Floor",Civic Center,Manhattan,10013,,Mon-Fri 09:00-17:00,,"Anyone, regardless of language, income, gender identity or immigration status.",,212-602-2800,,nyc.gov/fjc,,,,,https://www.nyc.gov/site/ocdv/get-help/get-help.page,
M17,Workforce1 Career Center (Upper Manhattan),jobs,"Free job search help: career counseling, resumes, interview prep, training and job openings. Walk-ins accepted.","215 W 125th St, 6th Floor",Harlem,Manhattan,10027,,,,Anyone 18+ looking for work.,Resume if you have one.,917-493-7054,,nyc.gov/workforce1,,,,,https://www.nyc.gov/workforce1,Hours.
M18,Workforce1 Career Center (Washington Heights),jobs,"Free job search help: career counseling, resumes, interview prep, training and job openings.","516 W 181st St, 5th Floor",Washington Heights,Manhattan,10033,,,Call 311 to schedule.,Anyone 18+ looking for work.,,,,nyc.gov/workforce1,,,,,https://www.nyc.gov/workforce1,"Phone, hours."
X01,Part of the Solution (POTS),food,"Food pantry, hot lunch, plus clothing, showers, mail, barbershop and case management.",2759 Webster Ave,Fordham,Bronx,10458,,Mon-Sat 08:30-11:30 12:30-15:00,"Pantry 8:30-11:30am (register, ID needed). Community lunch 12:30-3pm.",Anyone. Pantry requires registration and ID.,ID for the pantry.,718-220-4892,,,,,,,https://www.foodhelpline.org/resources/part-of-the-solution-p-o-t-s,Lunch end time.
X02,BronxWorks Food Pantry,food,Free groceries by appointment.,1130 Grand Concourse,Concourse,Bronx,10456,,,Appointments only; call the hotline. Dates change monthly.,Bronx residents.,,646-596-1316,,bronxworks.org,,,,,https://bronxworks.org/wp-content/uploads/2026/08/September-2026-BronxWorks-Food-Pantry-Flyer.pdf,This month's dates.
X03,Salvation Army Bronx Citadel Soup Kitchen,food,Soup kitchen three days a week.,425 E 159th St,Melrose,Bronx,10451,,"Mon,Wed,Fri 13:00-14:00",,Anyone.,,718-665-8472,,,,,,,https://childrensvillage.org/wp-content/uploads/2020/03/The-Bronx-Food-Resources.pdf,Still running (source undated).
X04,St. Luke's Senior Center Soup Kitchen,food,Weekday soup kitchen.,765 E 222nd St,Williamsbridge,Bronx,10467,,Mon-Fri 11:30-13:00,,Anyone.,,718-882-3131,,,,,,,https://childrensvillage.org/wp-content/uploads/2020/03/The-Bronx-Food-Resources.pdf,Open to all ages?
X05,St. Ann's Corner of Harm Reduction,food,Meals plus harm reduction services.,886 Westchester Ave,Longwood,Bronx,10459,,Fri 08:00-20:00,,Anyone. Walk-ins welcome.,,,,,,,,,https://feedam.org/resource/215561,"Phone, other days."
X06,The Living Room (drop-in),housing,"Drop-in for single adults: meals, showers, laundry, clothing, medical care, help getting into shelter.",800 Barretto St (at Lafayette Ave),Hunts Point,Bronx,10474,6 train to Hunts Point Av,24/7,,Single adults 18+.,,718-893-3606,,,,,,,https://www.nyc.gov/assets/dhs/downloads/pdf/intake_drop_in_centers.pdf,Address (some lists say 1241 Lafayette Ave).
X07,The Haven (drop-in),housing,"Drop-in for single adults, open 24 hours.",2640 Third Ave (between E 141st and 142nd Sts),Mott Haven,Bronx,10454,6 train to 3 Av-138 St,24/7,,Single adults 18+.,,,,,,,,,https://www.coalitionforthehomeless.org/get-help/i-need-shelter/drop-in-centers/,Still open? Not in the city's current guide. Phone.
X08,"The Door (youth drop-in, Bronx)",housing,"24/7 drop-in for young people: food, showers, laundry, health care, job help, shelter referrals.",2999 Third Ave,Melrose,Bronx,10455,,24/7,,Young people 14-24.,,646-230-1037,,,,,,,https://www.nyc.gov/site/dycd/services/runaway-homeless-youth/borough-based-drop-in-centers.page,"Address (another listing: Cardinal McCloskey, 333 E 149th St)."
X09,NYC Health + Hospitals/Lincoln,health,Public hospital with a 24/7 emergency room.,234 E 149th St,Mott Haven,Bronx,10451,,,,"Anyone, regardless of insurance or immigration status.",ID and insurance card if you have them.,718-579-5000,,nychealthandhospitals.org,,,,,https://www.nychealthandhospitals.org/hivaids-testing-locations/,
X10,NYC Health + Hospitals/Jacobi,health,Public hospital with a 24/7 emergency room.,1400 Pelham Pkwy S,Morris Park,Bronx,10461,,,,"Anyone, regardless of insurance or immigration status.",ID and insurance card if you have them.,718-918-5000,,nychealthandhospitals.org,,,,,https://www.nychealthandhospitals.org/hivaids-testing-locations/,
X11,Callen-Lorde (Bronx),health,"Primary care, sexual health and gender-affirming care for LGBTQ+ people. Sliding scale.",3144 3rd Ave,Melrose,Bronx,10451,,,Moving to 555 Bergen Ave (summer 2026).,"LGBTQ+ people, regardless of insurance or ability to pay.",Proof of income for the sliding scale.,718-215-1800,,callen-lorde.org,,,,,https://freeclinics.us/clinic/callen-lorde-chelsea/ https://commercialobserver.com/2025/10/callen-lorde-lease-555-bergen-avenue/,Has it moved to 555 Bergen Ave? New phone.
X12,Bronx Family Justice Center,safety,"Help for survivors of domestic and gender-based violence: safety planning, orders of protection, custody, housing and immigration legal help. No appointment.","198 E 161st St, 2nd Floor",Concourse,Bronx,10451,,Mon-Fri 09:00-17:00,,"Anyone, regardless of language, income, gender identity or immigration status.",,718-508-1220,,nyc.gov/fjc,,,,,https://www.nyc.gov/site/ocdv/get-help/get-help.page,Phone (another source: 718-508-1222).
X13,Workforce1 Career Center (Bronx),jobs,"Free job search help: career counseling, resumes, interview prep, training and job openings. Walk-ins accepted.","400 E Fordham Rd, 8th Floor (enter on Webster Ave)",Fordham,Bronx,10458,,,,Anyone 18+ looking for work.,Resume if you have one.,718-960-7901,,nyc.gov/workforce1,,,,,https://www.nyc.gov/workforce1 https://dol.ny.gov/node/5126,Hours.
X14,Workforce1 Career Center (Hunts Point),jobs,"Free job search help: career counseling, resumes, interview prep, training and job openings.","1029 E 163rd St, 3rd Floor",Hunts Point,Bronx,10459,,,,Anyone 18+ looking for work.,,718-542-6777,,nyc.gov/workforce1,,,,,https://www.nyc.gov/workforce1,Hours.
X15,Bronx Library Center,education,"The Bronx's main library: free computers and Wi-Fi, classes, English learning (Center for Reading and Writing), programs for all ages.",310 E Kingsbridge Rd,Fordham,Bronx,10458,,,Email ESOL@nypl.org to sign up for English classes.,Anyone.,,718-579-4244,,nypl.org,,,,,https://www.nyc.gov/html/bxcb10/downloads/pdf/LIBRARIES.pdf https://m.nypl.org/english,Hours (sources disagree).
X16,Legal Services NYC (Bronx),legal,"Free civil legal help: housing, benefits, family, consumer debt, immigration.",,Bronx,Bronx,,,,New callers should use the Access Line: 917-661-4500 (Mon-Fri 9:30am-4pm).,Low-income Bronx residents.,Any papers about your case.,718-928-3700,,legalservicesnyc.org,,,,,https://www.legalservicesnyc.org/contact-us/,Office address.
Q01,Masbia of Queens,food,Kosher soup kitchen and food pantry. Pantry by appointment.,105-47 64th Rd,Forest Hills,Queens,11375,,Mon-Thu 15:00-19:00,"Soup kitchen hours shown. For the pantry, text FOOD to 726879 for an appointment.",Anyone. No ID needed. Pantry once a week.,,718-972-4446,,masbia.org,,,,,https://www.foodhelpline.org/resources/masbia-of-queens-1,Pantry hours.
Q02,La Jornada (Corona),food,Free groceries. Walk-ins accepted.,37-20 111th St,Corona,Queens,11368,,,,Anyone.,,888-820-8088,"Spanish, English",,,,,,https://www.foodhelpline.org/resources/la-jornada-mghe,Days and hours.
Q03,La Jornada (Elmhurst),food,Free groceries by appointment (scheduled by text).,82-83 Baxter Ave,Elmhurst,Queens,11373,,Fri 16:00-19:00,Appointments by text.,Anyone.,,888-820-8088,"Spanish, English",,,,,,https://www.foodhelpline.org/resources/la-jornada-mghe,How to book.
Q04,Queens Community House Food Pantry,food,Free groceries. Walk-ins accepted.,108-25 62nd Dr,Forest Hills,Queens,11375,,Mon-Fri 10:00-14:00,,Queens residents.,,718-592-5757,,qchnyc.org,,,,,https://feedam.org/resource/533,Still open? One directory marks it closed.
Q05,Catholic Charities pantry at St. Benedict the Moor,food,Free groceries.,171-17 110th Ave,Jamaica,Queens,11434,,Tue 10:00-12:00,2nd and 4th Tuesday only.,Anyone.,,,,ccbq.org,,,,,https://www.ccbq.org/wp-content/uploads/2023/01/Food-Pantry-Locations-JAN-25-2023_DOUBLESIDED.pdf,Still running (list from 2023). Phone.
Q06,Catholic Charities pantry at Presentation,food,Free groceries.,88-19 Parsons Blvd,Jamaica,Queens,11432,,Wed 16:00-18:00,1st and 3rd Wednesday only.,Anyone.,,,,ccbq.org,,,,,https://www.ccbq.org/wp-content/uploads/2023/01/Food-Pantry-Locations-JAN-25-2023_DOUBLESIDED.pdf,Still running (list from 2023). Phone.
Q07,Jamaica Queens Wesleyan Food Pantry,food,Free groceries.,134-49 228th St,Cambria Heights,Queens,11411,,Sat 12:00-15:00,,Anyone.,,,,,,,,,https://feedam.org/resource/10482,Still running. Phone.
Q08,Queens Drop-In Center (Breaking Ground),housing,"24-hour drop-in for single adults: meals, showers, laundry, help getting into shelter.",100-32 Atlantic Ave (at 102nd St),Richmond Hill,Queens,11416,A to Rockaway Blvd or J to 104 St,24/7,,Single adults 18+.,,,,,,,,,https://www.nyc.gov/assets/dhs/downloads/pdf/intake_drop_in_centers.pdf https://www.coalitionforthehomeless.org/get-help/i-need-shelter/drop-in-centers/,Phone.
Q09,Union Hall Drop-In Center,housing,"24-hour drop-in for single adults: meals, showers, help getting into shelter.",92-32 Union Hall St,Jamaica,Queens,11433,"F to Jamaica Center; E, J, Z to Jamaica Center-Parsons/Archer",24/7,,Single adults 18+.,,,,,,,,,https://www.nyc.gov/assets/dhs/downloads/pdf/intake_drop_in_centers.pdf,Phone.
Q10,Rising Ground Youth Drop-In (Jamaica),housing,"24/7 drop-in for young people: food, showers, laundry, case management, shelter referrals.","165-13 Jamaica Ave, 2nd Floor",Jamaica,Queens,11432,,24/7,,Young people 14-24.,,718-526-2400 x2080,,,,,,,https://www.nyc.gov/site/dycd/services/runaway-homeless-youth/borough-based-drop-in-centers.page,"Address (another listing: Safe Space, 89-74 162nd St)."
Q11,NYC Health + Hospitals/Elmhurst,health,Public hospital with a 24/7 emergency room.,79-01 Broadway,Elmhurst,Queens,11373,,,,"Anyone, regardless of insurance or immigration status.",ID and insurance card if you have them.,718-334-4000,,nychealthandhospitals.org,Elmhurst Hospital Center jeh.jpg,,,,https://www.ampliz.com/hospital/nyc-health-and-hospitals-elmhurst/82042954,
Q12,NYC Health + Hospitals/Queens,health,Public hospital with a 24/7 emergency room.,82-68 164th St,Jamaica,Queens,11432,,,,"Anyone, regardless of insurance or immigration status.",ID and insurance card if you have them.,718-883-2058,,nychealthandhospitals.org,164th St Queens Hospital 39.jpg,,,,https://www.nyc.gov/html/hhc/html/contact/Contact-Guest-Relations.shtml,Main number (this is Guest Relations).
Q13,Queens Family Justice Center,safety,"Help for survivors of domestic and gender-based violence: safety planning, orders of protection, custody, housing and immigration legal help. No appointment.",126-02 82nd Ave,Kew Gardens,Queens,11415,,Mon-Fri 09:00-17:00,,"Anyone, regardless of language, income, gender identity or immigration status.",,718-575-4545,,nyc.gov/fjc,,,,,https://www.nyc.gov/site/ocdv/get-help/get-help.page,
Q14,Workforce1 Career Center (Jamaica),jobs,"Free job search help: career counseling, resumes, interview prep, training and job openings.","168-25 Jamaica Ave, 2nd Floor",Jamaica,Queens,11432,,,,Anyone 18+ looking for work.,,718-557-6755,,nyc.gov/workforce1,,,,,https://www.nyc.gov/workforce1,Phone (one flyer: 718-557-6735). Hours.
Q15,Workforce1 Career Center (Flushing),jobs,"Free job search help: career counseling, resumes, interview prep, training and job openings.","41-17 Main St, 3rd Floor",Flushing,Queens,11355,,,Call 311 to schedule.,Anyone 18+ looking for work.,,,,nyc.gov/workforce1,,,,,https://www.nyc.gov/workforce1,"Phone, hours."
Q16,Queens Public Library: free English classes (ESOL),education,"Free English classes in person and online, beginner to advanced, at Adult Learning Centers across Queens. Placement test first.",89-11 Merrick Blvd,Jamaica,Queens,11432,,,Classes run in semesters; call for registration dates.,Adults 17 and older.,,718-480-4300,,queenslibrary.org,,,,,https://www.queenslibrary.org/sites/default/files/2026-01/6962-1125_ESOL%20Walk%20in%20Flyer%20Spring%202026-R3_.pdf,Next registration dates.
Q17,Make the Road New York (Queens),legal,"Free immigration legal help, plus community organizing, adult education and support for immigrant and working-class families.",104-19 Roosevelt Ave,Corona,Queens,11368,,,,Immigrant and working-class New Yorkers.,,718-565-8500,"Spanish, English",,,,,,https://www.nyc.gov/assets/immigrants/downloads/pdf/ENG_Updated_ALL_Legal-Services-Flyer_Jan26_D2.pdf,"Address (older flyer: 92-10 Roosevelt Ave, Jackson Heights)."
Q18,Legal Services NYC (Queens),legal,"Free civil legal help: housing, benefits, family, consumer debt, immigration.",,Queens,Queens,,,,New callers should use the Access Line: 917-661-4500 (Mon-Fri 9:30am-4pm).,Low-income Queens residents.,Any papers about your case.,347-592-2200,,legalservicesnyc.org,,,,,https://www.legalservicesnyc.org/contact-us/,Office address.
B01,Brooklyn Family Justice Center,safety,"Help for survivors of domestic and gender-based violence: safety planning, orders of protection, custody, housing and immigration legal help. No appointment.","350 Jay St, 14th Floor",Downtown Brooklyn,Brooklyn,11201,,Mon-Fri 09:00-17:00,,"Anyone, regardless of language, income, gender identity or immigration status.",,718-250-5113,,nyc.gov/fjc,,,,,https://www.nyc.gov/site/ocdv/get-help/get-help.page,"Floor and phone (another source: 15th floor, 718-250-5111)."
B02,Workforce1 Career Center (Brooklyn),jobs,"Free job search help: career counseling, resumes, interview prep, training and job openings. Walk-ins accepted.","9 Bond St, 5th Floor",Downtown Brooklyn,Brooklyn,11201,,,,Anyone 18+ looking for work.,Resume if you have one.,,,nyc.gov/workforce1,,,,,https://www.nyc.gov/workforce1,"Phone, hours."
B03,Workforce1 Career Center (East New York),jobs,"Free job search help: career counseling, resumes, interview prep, training and job openings.",2617 Atlantic Ave,East New York,Brooklyn,11207,,,,Anyone 18+ looking for work.,,,,nyc.gov/workforce1,,,,,https://www.nyc.gov/workforce1,"Phone, hours."
B04,SCO Youth Drop-In Center,housing,"24/7 drop-in for young people: food, showers, laundry, case management, shelter referrals.",774 Rockaway Ave,Brownsville,Brooklyn,11212,,24/7,,Young people 14-24.,,718-685-3850,,,,,,,https://www.nyc.gov/site/dycd/services/runaway-homeless-youth/borough-based-drop-in-centers.page,Address (another listing: 89 South 10th St).
B05,Make the Road New York (Brooklyn),legal,"Free immigration legal help, plus community organizing, adult education and support for immigrant and working-class families.",301 Grove St,Bushwick,Brooklyn,11237,,,,Immigrant and working-class New Yorkers.,,718-418-7690,"Spanish, English",,,,,,https://www.nyc.gov/assets/immigrants/downloads/pdf/ENG_Updated_ALL_Legal-Services-Flyer_Jan26_D2.pdf,Hours.
B06,Callen-Lorde (Brooklyn),health,"Primary care, sexual health and gender-affirming care for LGBTQ+ people. Sliding scale.","40 Flatbush Ave Ext, 3rd Floor",Downtown Brooklyn,Brooklyn,11201,,,,"LGBTQ+ people, regardless of insurance or ability to pay.",Proof of income for the sliding scale.,,,callen-lorde.org,,,,,https://opendatany.com/health-facility.php?id=9772,"Phone, hours."
O01,ActionNYC (free immigration legal help),legal,"Free, safe immigration legal screenings and help with citizenship, green cards, DACA and TPS. Anonymous.",,Citywide (phone),Citywide,,,Mon-Fri 09:00-18:00,"Or call 311 and say ""ActionNYC"".","Anyone in NYC, regardless of immigration status.",,800-354-0365,200+ languages,nypl.org/actionnyc,,,,,https://www.nypl.org/actionnyc,
O02,NYS New Americans Hotline,legal,Free immigration information and referrals to trusted legal help. Run by Catholic Charities for New York State.,,Statewide (phone),Citywide,,,Mon-Fri 08:00-20:00; Sat-Sun 09:00-17:00,"Gives referrals, not legal advice.","Anyone, regardless of citizenship or status.",,800-566-7636,200+ languages,,,,,,https://dos.ny.gov/news/new-york-state-office-new-americans-announces-expanded-new-americans-hotline-serve-more,
O03,NYC Hope Hotline (domestic violence),safety,"Free, confidential help for survivors of domestic violence and other crimes: safety planning, shelter and referrals.",,Citywide (phone or chat),Citywide,,,24/7,"Online chat available most days. In immediate danger, call 911.",Anyone.,,800-621-4673,Many languages,,,,,,https://www.nyc.gov/site/hra/help/domestic-violence-support.page,
O04,NYC Family Justice Centers (all boroughs),safety,Walk-in help for survivors of domestic and gender-based violence in every borough: safety planning and free legal help.,,Citywide,Citywide,,,Mon-Fri 09:00-17:00,No appointment needed.,"Anyone, regardless of immigration status.",,,,nyc.gov/fjc,,,,,https://www.nyc.gov/site/ocdv/get-help/get-help.page,
O05,ACCESS NYC benefits screener,community,"Check in 10 steps if you may qualify for 40+ city, state and federal benefits, with how to apply for each. No account needed.",,Online,Citywide,,,24/7,,Anyone in NYC.,,,,access.nyc.gov,,,,,https://access.nyc.gov/about,
O06,NYC Free Tax Prep,community,"Free tax filing with IRS-certified preparers: virtual, in person at 140+ sites, or drop-off.",,Citywide (online or in person),Citywide,,,,Find a site at nyc.gov/TaxPrep or call 311.,"Families earning about $97,000 or less; individuals about $68,000 or less.","Tax forms (W-2, 1099), ID, Social Security or ITIN numbers.",311,,nyc.gov/taxprep,,,,,https://access.nyc.gov/programs/nyc-free-tax-prep/,This year's income limits.
O07,Fair Fares NYC (half-price MetroCard),community,"50% off subway, eligible bus and Access-A-Ride fares.",,Citywide (online),Citywide,,,,"Apply online, then upload documents in the ACCESS HRA app.",NYC residents 18-64 with low income. Immigration status not asked.,"Proof of income, ID, proof of address.",311,,nyc.gov/fairfares,,,,,https://access.nyc.gov/programs/fair-fares/,Current income limits.
O08,IDNYC (free city ID),community,"Free photo ID card for anyone in NYC age 10+. Accepted at city agencies, libraries and many banks.",,Citywide,Citywide,,,,"Book an appointment online or call 311 and say ""IDNYC"". Some sites take walk-ins.","Anyone in NYC 10+, regardless of immigration status, record or homelessness.",Documents worth 3 points for identity and 1 for residency (see the IDNYC document calculator).,311,,nyc.gov/site/idnyc,,,,,https://access.nyc.gov/programs/idnyc/,
O09,GetCoveredNYC (health insurance help),health,"Free help choosing and applying for health insurance, including Medicaid and the Essential Plan.",,Citywide (phone or text),Citywide,,,,"Call 311, or text CoveredNYC (SeguroNYC in Spanish) to 877877.","Anyone, regardless of immigration status or income.",,311,"English, Spanish and more",nyc.gov/getcoverednyc,,,,,https://www.nyc.gov/site/mayorspeu/programs/about-getcoverednyc.page,
O10,HEAP (heating bill help),housing,"Help paying heating and utility bills, including emergency help if heat is about to be shut off.",,Statewide (phone),Citywide,,,,NYC applications: 212-331-3126.,"Low-income households; more help for homes with children under 6, adults 60+ or people with disabilities.","Proof of income, a utility bill, ID.",800-342-3009,"English, Spanish",,,,,,https://resources.mutualaid.nyc/download_service/868660971896780,This season's open dates.
O11,Aging Connect (help for older adults),community,"The city's line for older adults and caregivers: home-delivered meals, older adult centers, caregiver support, legal help.",,Citywide (phone),Citywide,,,Mon-Fri 08:30-17:30,Weekends: call 311. Older adult centers are free for anyone 60+.,Adults 60+ and their caregivers.,,212-244-6469,240+ languages,,,,,,https://www.nyc.gov/site/dfta/services/older-adult-center.page,Hours.
O12,NY State Unemployment Insurance,jobs,File or ask about an unemployment claim.,,Statewide (phone or online),Citywide,,,Mon-Fri 08:00-19:30,You can also file at dol.ny.gov.,People who lost work through no fault of their own.,"Social Security number, employer names and addresses, dates worked.",888-209-8124,,dol.ny.gov,,,,,https://unitedwaynyc.org/resources/unemployment,Phone hours.
O13,DYCD Community Connect,community,"Free referrals to youth programs, afterschool, summer jobs, teen parenting classes, youth drop-in centers and family services.",,Citywide (phone),Citywide,,,Mon-Fri 09:00-17:00,From outside NYC: 646-343-6800.,Young people up to 24 and their families.,,800-246-4646,180+ languages,,,,,,https://www.nyc.gov/site/dycd/about/contact/contact.page,
O14,CUNY Adult Literacy Program,education,"Free English (ESOL), pre-HSE and HSE/GED classes at 14 CUNY campuses in all five boroughs. Day, evening and weekend classes.",,Citywide,Citywide,,,,"Find a campus on the CUNY site, then contact that program. Many have waitlists.",Adults (age rules vary by campus).,Photo ID.,,,literacy.cuny.edu,,,,,https://www.nyc.gov/employment/programs/cuny-adult-literacy-hse-esl-program,
O15,NYPL free English classes,education,"Free English conversation classes (We Speak NYC), series classes and citizenship prep at libraries in the Bronx, Manhattan and Staten Island, plus online classes.",,"Bronx, Manhattan, Staten Island and online",Citywide,,,,In-person conversation classes need no registration. Online classes need sign-up.,Adults.,,,,nypl.org/english,,,,,https://m.nypl.org/english,
O16,Housing Court Answers hotline,legal,"Free information about Housing Court, tenant rights and rent arrears help, with referrals to free lawyers. Information tables in each housing court.",,Citywide (phone),Citywide,,,Mon-Fri 09:00-17:00,Interpreters available.,NYC tenants (and small landlords).,Court papers.,212-962-4795,Interpreters,hcanswers.org,,,,,https://lawhelpny.org/organization/housingcourt-answers-,Hours (one source says Tue-Thu only).
O17,Legal Services NYC Access Line,legal,"Free civil legal help for low-income New Yorkers: eviction, benefits, family, debt, immigration, disability.",,Citywide (phone),Citywide,,,Mon-Fri 09:30-16:00,For new callers.,Low-income New Yorkers.,Any papers about your case.,917-661-4500,Many languages,legalservicesnyc.org,,,,,https://www.legalservicesnyc.org/contact-us/,
O18,NYLAG (New York Legal Assistance Group),legal,"Free civil legal help: immigration, benefits, housing, family, consumer debt, and more.",,Citywide (phone),Citywide,,,Mon 09:00-17:00,"New clients: call Mondays and leave a message, or email ipuintake@nylag.org.",Low-income New Yorkers.,,212-613-5000,,nylag.org,,,,,https://www.nylag.org/get-help,
O19,Legal Aid Society civil helpline,legal,"Free civil legal help for low-income New Yorkers: housing, benefits, immigration, employment, family.",,Citywide (phone),Citywide,,,Mon-Fri 10:00-15:00,Main number: 212-577-3300.,Low-income New Yorkers.,,888-663-6680,,legalaidnyc.org,,,,,https://lawhelpny.org/organization/legal-aid-society-queens-neighborhood-office,Is this helpline still active (older listing)?
R01,LES Coleman Skatepark,community,"Free public skatepark under the Manhattan Bridge, next to Coleman Playground. Bring your own board.",62 Monroe St (at Pike St),Lower East Side,Manhattan,10002,,,,Anyone. Free.,Board and helmet.,,,nycgovparks.org/facilities/skateparks,,,,,https://skatethestates.com/best-skateparks-in-nyc,Hours.
R02,Pier 62 Skatepark,community,"Free skatepark on the Hudson River waterfront, with bowls and street features.",143 11th Ave (Pier 62),Chelsea,Manhattan,10011,,Mon-Sun 08:00-18:00,,Anyone. Free.,Board and helmet.,,,,,,,,https://skatethestates.com/best-skateparks-in-nyc,Hours by season.
R03,Mullaly Skate Park,community,Free supervised skatepark inside Rev. T. Wendell Foster Park and Recreation Center.,E 164th St (between Jerome and River Aves),Concourse,Bronx,10452,,,"School year: weekdays 3pm to dusk, weekends 1pm to dusk.",Anyone. Free.,Board and helmet.,,,nycgovparks.org/facilities/skateparks,,,,,https://www.skatecity.com/nyc/where/parks.html,Summer hours; zip code. Zip code from general knowledge.
R04,Astoria Skate Park,community,Free public skatepark in Astoria.,Hoyt Ave S (Astoria Park),Astoria,Queens,11102,,,,Anyone. Free.,Board and helmet.,,,nycgovparks.org/facilities/skateparks,,,,,https://skatethestates.com/best-skateparks-in-nyc,Hours.
R05,Flushing Meadows Corona Park Skatepark,community,Free public skatepark near the Astral Fountain.,Flushing Meadows Corona Park (near the Astral Fountain),Corona,Queens,11368,,,,Anyone. Free.,Board and helmet.,,,nycgovparks.org/facilities/skateparks,,,,,https://skatethestates.com/best-skateparks-in-nyc,Hours.
R06,Owl's Head Skatepark (Millennium Skate Park),community,Free public skatepark in Owl's Head Park by the Shore Road greenway.,"Owl's Head Park, 68th St (between Colonial and Shore Rds)",Bay Ridge,Brooklyn,11209,,,,Anyone. Free.,Board and helmet.,,,,,,,,https://php-cms.nycgovparks.org/parks/B066 https://en.wikipedia.org/wiki/Millennium_Skate_Park,Hours.
R07,NYC Parks Recreation Centers,community,"Indoor gyms, fitness rooms, classes and (at some) pools in every borough. Free for anyone 24 and under.",,Citywide (find a center online),Citywide,,,,"Memberships: free for 24 and under; $25 a year for seniors, veterans and people with disabilities; $150 a year for adults ($100 at centers without a pool). Manhattan centers set their own prices and offer a $3 day pass.",Anyone. Free for young people 24 and under.,Photo ID to sign up.,311,,nycgovparks.org/facilities/recreationcenters,,,,,https://pix11.com/news/local-news/nyc-recreation-centers-get-fit-year-round-for-150/amp https://themercury.com/news/user-fees-take-effect-at-manhattans-three-recreation-centers/article_a40403d7-5160-4657-b3a6-ba320a2dd4ff.html https://php1-84.nycgovparks.org/facilities/recreationcenters,2026 prices.
R08,Hansborough Recreation Center,community,"NYC Parks recreation center in Harlem: gym, fitness and classes.",35 W 134th St,Harlem,Manhattan,10037,,,Manhattan centers now offer a $3 day pass and monthly or yearly plans.,Anyone. Membership or day pass.,Photo ID.,,,nycgovparks.org/facilities/recreationcenters,,,,,https://php1-84.nycgovparks.org/parks/hansborough-recreation-center/dailyplant/22849 https://themercury.com/news/user-fees-take-effect-at-manhattans-three-recreation-centers/article_a40403d7-5160-4657-b3a6-ba320a2dd4ff.html,"Hours, current prices."
R09,Brownsville Recreation Center,community,"NYC Parks recreation center in Brownsville: gym, fitness and youth programs.",1555 Linden Blvd,Brownsville,Brooklyn,11212,,,Under reconstruction; may be open with limited access.,Anyone. Free for 24 and under.,Photo ID.,,,nycgovparks.org/facilities/recreationcenters,,,,,https://www.citylandnyc.org/city-announces-brownsville-rec-center-renovations-parks-cleaning-initiaitve/,Open or closed for construction?
R10,Roy Wilkins Recreation Center,community,"NYC Parks recreation center in Roy Wilkins Park: gym, fitness and classes.","Roy Wilkins Park, 177th St and Baisley Blvd",St. Albans,Queens,11434,,,,Anyone. Free for 24 and under.,Photo ID.,,,nycgovparks.org/facilities/recreationcenters,,,,,https://www.nyc.gov/site/ddc/about/press-releases/2021/pr-121721-roywilkinsparkrec.page,"Zip, hours. Zip code from general knowledge."
R11,Shape Up NYC (free fitness and dance classes),community,"Free drop-in fitness and dance classes (Zumba, dance fitness, soca and more) in parks and centers in every borough. No enrollment: just show up.",,Citywide (parks and rec centers),Citywide,,,,Classes held at rec centers may need a center membership (free for 24 and under).,Adults and teens. Free.,Water and comfortable shoes.,,,nycgovparks.org/events/shape-up-nyc,,,,,https://www.amny.com/news/shape-up-nyc-free-fitness-classes,This season's class list.
R12,"Free adult dance class (J.H.S. 113, Brooklyn)",community,"Free Saturday dance class for adults, running September 2026 to June 2027.",J.H.S. 113,Brooklyn,Brooklyn,,,,Saturdays.,Adults 18+. Free.,,,,active.com/brooklyn-ny/performing-arts/camp/free-adult-dance-class-2026,,,,,https://www.active.com/brooklyn-ny/performing-arts/camp/free-adult-dance-class-2026,"School address, class time, how to register."
R13,COMPASS and SONYC free afterschool,community,"Free afterschool programs at 890+ sites: homework help, arts, sports and trips, so kids are cared for after school. SONYC is the middle school version (grades 6-8).",,Citywide,Citywide,,,,Seats are limited; some sites use a lottery. Find a site through Discover DYCD or DYCD Community Connect.,Students in grades K-12 who live in NYC. Free.,,800-246-4646,,,,,,,https://www.commonpoint.org/program/compass-sonyc-after-school-programs,How to apply this year.
R14,Summer Rising (free summer program),community,"Free summer program for kids in kindergarten through 8th grade: academics in the morning, activities and trips in the afternoon.",,Citywide,Citywide,,,,Apply through NYC Public Schools (MySchools). Kids in COMPASS or SONYC can apply through their program.,NYC students in grades K-8. Free.,,311,,schools.nyc.gov,,,,,https://www.commonpoint.org/program/compass-sonyc-after-school-programs,Application dates.
R15,Beacon community centers,community,"Free school-based community centers with afterschool, evening and weekend programs for kids 6+, teens and adults.",,Citywide (91 schools),Citywide,,,,Find the nearest Beacon through DYCD Community Connect.,"Kids 6 and older, teens and adults. Free.",,800-246-4646,,,,,,,https://www.commonpoint.org/program/compass-sonyc-after-school-programs,Current site list.
R16,NYCHA Cornerstone community centers,community,"Free programs at ~99 NYCHA community centers. Kids and teens: homework help, STEM, college prep, dance, music, singing, photography. Adults: GED, English, job help, parenting, computers.",,Citywide (NYCHA developments),Citywide,,,,Summer enrollment in April; school-year enrollment for elementary kids August-September. Find one through Discover DYCD.,"NYCHA residents, kindergarten age and up. Free.",,800-246-4646,,,,,,,https://growingupnyc.cityofnewyork.us/programs/cornerstone-programs/,Nearest center for a given address.
R17,Bronx Zoo (free Wednesdays),community,Free general admission on Wednesdays.,2300 Southern Blvd,Bronx Park,Bronx,10460,,,Free on Wednesdays; reserve free tickets online in advance.,Anyone. Free on Wednesdays.,,,,bronxzoo.com,,,,,https://www.nyctourism.com/articles/free-for-kids/ https://sarahrodeodzialo.substack.com/p/free-kids-activities-museums-and,"Address is from general knowledge, not a source. Is it free or suggested donation on Wednesdays? Hours."
R18,Brooklyn Children's Museum (free times),community,"Hands-on museum for young kids, with free or pay-what-you-wish hours.",145 Brooklyn Ave,Crown Heights,Brooklyn,11213,,,Free or pay-what-you-wish on some Thursday afternoons and weekends; reserve ahead.,Families with young children.,,,,,Brooklyn Children's Museum.JPG,,,,https://www.nyctourism.com/articles/free-for-kids/ https://sarahrodeodzialo.substack.com/p/free-kids-activities-museums-and,"Address is from general knowledge, not a source. Current free hours (sources disagree)."
R19,The Metropolitan Museum of Art,community,Kids under 12 free; pay what you wish for New York residents and students.,1000 Fifth Ave,Upper East Side,Manhattan,10028,,,,Anyone. Pay what you wish for NY residents.,Proof of NY residency for pay-what-you-wish.,,,metmuseum.org,,,,,https://www.nyctourism.com/articles/free-for-kids/,"Address is from general knowledge, not a source. Hours."
R20,Museum of the Moving Image (free Fridays),community,"Movies, TV and video game museum. Free on Friday evenings; kids under 3 always free.",36-01 35th Ave,Astoria,Queens,11106,,Fri 16:00-20:00,Free hours shown.,Anyone.,,,,,American Museum of the Moving Image.JPG,,,,https://sarahrodeodzialo.substack.com/p/free-kids-activities-museums-and,"Address is from general knowledge, not a source. Free Friday hours still current?"
R21,NYPL free online tutoring,community,"Free one-on-one homework help online from live tutors, elementary through high school, in English and Spanish.",,Online,Citywide,,,Mon-Sun 14:00-23:00,Log in with a New York Public Library card (you can get one online).,Students K-12. Free.,NYPL library card.,,,nypl.org,,,,,https://resources.mutualaid.nyc/services/909984599776541,Still offered? Hours.
R22,Queens Public Library Teen Center (Central),community,"Free teen space with a video game lounge, gaming systems, computers with editing software, a quiet study room and study area. Video game clubs.",89-11 Merrick Blvd,Jamaica,Queens,11432,,,"Teen centers also at Cambria Heights, Flushing and Long Island City libraries.",Teens. Free with a Queens Library card.,Queens Library card.,,,queenslibrary.org/programs-activities/teens/teen-centers,,,,,https://queenslibrary.org/programs-activities/teens/teen-centers,Hours and ages.
R23,Food Bank For New York City (volunteer),community,"Volunteer at the Community Kitchen, food pantry or warehouse repacks. Kids 5+ can help with a parent at select Saturday repacks in Hunts Point.",,Citywide,Citywide,,,,Sign up on the volunteer calendar.,All ages (kids with a parent).,,,,foodbanknyc.org,,,,,https://www.timeout.com/new-york-kids/things-to-do/volunteer-opportunities-for-kids-in-nyc,
R24,City Harvest (volunteer),community,"Volunteer to help rescue and deliver food to pantries, or run a food drive with your family.",,Citywide,Citywide,,,,,"15+ for office projects, 18+ for others; families can run food drives.",,,,cityharvest.org,,,,,https://www.nymetroparents.com/article/volunteer-in-nyc,Website from general knowledge; sign-up steps.
R25,New York Cares (volunteer),community,"Free sign-up for short volunteer projects across the city, including projects for teens.",,Citywide,Citywide,,,,,Adults and teens.,,,,newyorkcares.org,,,,,https://www.timeout.com/new-york-kids/things-to-do/volunteer-opportunities-for-kids-in-nyc,Website from general knowledge; age rules.
R26,Partnerships for Parks (volunteer),community,"Volunteer to clean up, plant and care for your neighborhood park with NYC Parks and City Parks Foundation.",,Citywide,Citywide,,,,,Anyone.,,,,cityparksfoundation.org,,,,,https://www.nymetroparents.com/article/volunteer-in-nyc,Website from general knowledge; how to sign up.
MH01,East Harlem Support and Connection Center,mental_health,"Short stays for adults in a mental health or substance use crisis, as an alternative to the ER or jail: rest, food, showers, counseling and links to care. Run by Project Renewal.",179 E 116th St,East Harlem,Manhattan,,,24/7,"Mostly serves people referred by police or outreach teams in the 25th Precinct area. For help getting connected, call or text 988.",Adults in crisis in the local area.,,988,,,,,,,https://mentalhealth.cityofnewyork.us/program/support-and-connection-centers https://a860-gpp.nyc.gov/downloads/c247dt814?locale=en,Still at this address; how walk-ins work.
MH02,Bronx Support and Connection Center,mental_health,"Short stays for adults in a mental health or substance use crisis, as an alternative to the ER or jail: rest, food, counseling and links to care. Run by Samaritan Daytop Village.",3050 White Plains Rd,Williamsbridge,Bronx,,,24/7,"Mostly serves people referred by police or outreach teams in the 47th Precinct area. For help getting connected, call or text 988.",Adults in crisis in the local area.,,988,,,,,,,https://mentalhealth.cityofnewyork.us/program/support-and-connection-centers https://a860-gpp.nyc.gov/downloads/c247dt814?locale=en,Still at this address; how walk-ins work.
MH03,OnPoint NYC (East Harlem),mental_health,"Harm reduction and overdose prevention: supervised consumption, naloxone, syringe services, drug checking, counseling and help getting into treatment.",104-106 E 126th St,East Harlem,Manhattan,10035,,Mon-Fri 07:30-23:00; Sat-Sun 10:30-18:00,,Adults who use drugs. Free.,,212-828-8464,,onpointnyc.org,,,,,https://nasen.org/sep/onpoint-nyc https://onpointnyc.org/garden/page/2/,Hours (sources differ; may be 24/7 at times).
MH04,OnPoint NYC (Washington Heights),mental_health,"Harm reduction and overdose prevention: supervised consumption, naloxone, syringe services, drug checking, counseling and help getting into treatment.",500 W 180th St,Washington Heights,Manhattan,10033,,Mon-Fri 07:30-23:00; Sat-Sun 09:00-16:30,,Adults who use drugs. Free.,,212-828-8464,,onpointnyc.org,,,,,https://nasen.org/sep/onpoint-nyc https://onpointnyc.org/garden/page/2/,Hours.
MH05,Fountain House (clubhouse),mental_health,"A clubhouse community for adults living with serious mental illness: daily activities, work and education support, friendship and housing help.",425 W 47th St,Hell's Kitchen,Manhattan,10036,,,,Adults living with serious mental illness.,,646-485-5203 x1425,,,,,,,https://omh.ny.gov/omhweb/Regional Resource Guides/nyc-new-york-manhattan-resource-guide.pdf,Address (only one source); how to join; cost.
MH06,Trans Lifeline,mental_health,Peer support hotline run by and for trans people. Callers aren't reported to police without consent.,,Nationwide (phone),Citywide,,,Mon-Sun 10:00-24:00 00:00-04:00,Hours are 10am to 4am Eastern.,"LGBTQ+ people, for trans and questioning callers of any age.",,877-565-8860,,,,,,,https://www.nyc.gov/assets/doc/downloads/pdf/Resource_Guide_FINAL.pdf,Current hours.
MH07,Identity House walk-in peer counseling,mental_health,"Free walk-in peer counseling for LGBTQ+ people and anyone questioning, at the LGBT Community Center.",208 W 13th St,West Village,Manhattan,10011,,Wed 19:00-21:00; Sat 18:00-20:00,Walk in; no appointment.,LGBTQ+ people and anyone questioning.,,,,,,,,,https://omh.ny.gov/omhweb/Regional Resource Guides/nyc-new-york-manhattan-resource-guide.pdf,Hours; zip (10011 or 10014).
MH08,The LGBT Community Center,mental_health,"Support groups, recovery and wellness programs, family and parenting support, youth programs and events for LGBTQ+ people.",208 W 13th St (between 7th and 8th Aves),West Village,Manhattan,10011,,,,LGBTQ+ people and their families.,,212-620-7310,,,,,,,https://lgbtqcenters.org/LGBTCenters/Center/6711/The-Lesbian-Gay-Bisexual-and-Transgender-Community,Hours; current groups.
MH09,Kings County Psychiatric Emergency Program (CPEP),mental_health,"Psychiatric emergency room for adults in a mental health crisis, at Kings County Hospital.",451 Clarkson Ave,East Flatbush,Brooklyn,11203,,,For immediate danger call 911; for crisis counseling call or text 988.,Anyone in a psychiatric emergency.,ID and insurance card if you have them.,718-245-2310,,,,,,,https://www.downstate.edu/education-training/fellowship-residency-programs/psychiatry/fellowships/child-adolescent-psychiatry/contact.html,Hours (likely 24/7) and entrance.
MH10,Morris Heights Health Center (mental health),mental_health,Outpatient mental health counseling at a community health center; sliding-scale fees.,"57 W Burnside Ave, Level B-1 (Harrison Circle)",Morris Heights,Bronx,10453,,,,Children and adults.,"Insurance card if you have one, ID, proof of income for the sliding scale.",718-839-8900 x3333,,,,,,,https://wadsworth.org/node/4803/printable/print?page=167,Hours; whether walk-ins are seen.
MH11,Veterans Crisis Line,mental_health,"Free, confidential crisis support for veterans, service members and their families.",,Nationwide (phone or text),Citywide,,,24/7,"Call 988 and press 1, or text 838255.","Veterans, service members and their families.",,988,,,,,,,https://access.nyc.gov/programs/nyc-well/,
MH12,SAMHSA National Helpline,mental_health,"Free, confidential referrals to treatment for substance use and mental health, plus support groups and community services.",,Nationwide (phone),Citywide,,,24/7,English and Spanish.,Anyone.,,800-662-4357,"English, Spanish",,,,,,https://nasen.org/sep/onpoint-nyc,"Phone number from general knowledge, not a search result."
MH13,Samaritans of New York suicide prevention hotline,mental_health,"Confidential, anonymous emotional support for anyone in distress or thinking about suicide.",,Citywide (phone),Citywide,,,24/7,,Anyone.,,212-673-3000,,,,,,,https://mentalhealth.cityofnewyork.us/program/support-and-connection-centers,"Phone number from general knowledge, not a search result."
SF01,Safe Horizon Rape and Sexual Assault Hotline,safety,"Free, confidential crisis counseling, safety planning and referrals for survivors of rape and sexual assault.",,Citywide (phone),Citywide,,,24/7,"Call when you're safe to talk. In immediate danger, call 911.",Anyone.,,212-227-3000,,,,,,,https://svfreenyc.org/wp-content/uploads/2024/08/AllianceResourceGuide_Updated-July-2024-1.pdf https://www.womenslaw.org/find-help/ny/advocates-and-shelters/new-york-city-programs/N,
SF02,NYC Anti-Violence Project hotline,safety,"Free bilingual crisis support for LGBTQ and HIV-affected survivors of any kind of violence: intimate partner violence, sexual violence, hate violence.",,Citywide (phone),Citywide,,,24/7,,LGBTQ and HIV-affected survivors.,,212-714-1141,"English, Spanish",,,,,,https://svfreenyc.org/wp-content/uploads/2024/08/AllianceResourceGuide_Updated-July-2024-1.pdf,
SF03,National Domestic Violence Hotline,safety,"Free, confidential support, safety planning and referrals for anyone affected by abuse.",,"Nationwide (phone, text or chat)",Citywide,,,24/7,Text START to 88788.,Anyone.,,800-799-7233,,,,,,,https://www.niwrc.org/victims-and-survivors,
SF04,RAINN National Sexual Assault Hotline,safety,"Free, confidential support for survivors of sexual violence, connecting to a local rape crisis center. Online chat too.",,Nationwide (phone or chat),Citywide,,,24/7,Chat at online.rainn.org.,Anyone.,,800-656-4673,,,,,,,https://nationaltoolkit.csw.fsu.edu/?p=594,
SF05,National Human Trafficking Hotline,safety,"Help for people forced or tricked into work or sex, and for anyone reporting a tip.",,Nationwide (phone or text),Citywide,,,24/7,Text BeFree to 233733.,Anyone.,,888-373-7888,Many languages,,,,,,https://www.niwrc.org/victims-and-survivors,
SF06,Childhelp National Child Abuse Hotline,safety,Crisis support and referrals for children being hurt and for adults worried about a child.,,Nationwide (phone or text),Citywide,,,24/7,,"Children, parents and anyone worried about a child.",,800-422-4453,,,,,,,https://www.doi.gov/employees/anti-harassment/community-resources,Hours (24/7 per general knowledge).
SF07,NYS Child Abuse and Maltreatment Hotline (report abuse),safety,Report suspected child abuse or neglect in New York State.,,Statewide (phone),Citywide,,,24/7,"In immediate danger, call 911.",Anyone worried about a child.,,800-342-3720,,,,,,,https://www.doi.gov/employees/anti-harassment/community-resources,"Phone number from general knowledge, not a search result."
SF08,Womankind helpline,safety,"Support for Asian survivors of gender-based violence: counseling, shelter, legal help, in many Asian languages.",,Citywide (phone),Citywide,,,24/7,,"Asian survivors of domestic violence, sexual violence and trafficking.",,888-888-7702,Many Asian languages,,,,,,https://www.womenslaw.org/find-help/ny/advocates-and-shelters/new-york-city-programs/N,"Phone number from general knowledge, not a search result."
JB01,Summer Youth Employment Program (SYEP),jobs,"Paid summer jobs and projects for six weeks: about 12.5 hours a week, up to $700, plus work-readiness training.",,Citywide,Citywide,,,,Applications usually open January to March. Call DYCD Community Connect for dates.,NYC residents 14-24 who can legally work in the U.S.,,800-246-4646,,access.nyc.gov/programs/summer-youth-employment-program-syep,,,,,https://access.nyc.gov/programs/summer-youth-employment-program-syep,2027 application dates.
JB02,Per Scholas (Bronx),jobs,Free 15-week tech training (IT support and more) with job placement help.,"804 E 138th St, 2nd Floor",Mott Haven,Bronx,10454,,Mon-Fri 09:00-16:00,Class hours shown; full-time course.,Adults with a high school diploma or GED.,Diploma or GED.,718-991-8400,,,,,,,https://norwoodnews.org/bronx-notes-free-technology-training,Next start dates.
JB03,Year Up New York,jobs,"Free year-long job training in tech and business, with a paid internship.",,Citywide,Citywide,,,,,Young adults 18-29 with a high school diploma or GED.,,,,yearup.org,,,,,https://sites.google.com/view/happybc24/career-pathway-programs,Website from general knowledge; address and eligibility.
JB04,STRIVE New York,jobs,"Job readiness, training and placement, including construction safety and green jobs certifications.",205 E 122nd St,East Harlem,Manhattan,,,,,"Adults looking for work, including people with records.",,212-360-1100,,,,,,,https://secondchancebusinesscoalition.org/strive https://live-legacy-admin.nypl.org/blog/2009/05/07/cool-your-zip-code-strive,Address (older source says 240 E 123rd St); phone (from 2009).
JB05,ACCES-VR (Bronx),jobs,"New York State vocational rehabilitation: job training, counseling and placement for people with disabilities.",1215 Zerega Ave,Castle Hill,Bronx,,,,Start with an orientation session.,People with disabilities who want to work.,,718-931-3500,,,,,,,https://includenyc.org/help-center/resources/acces-vr/,"Zip, orientation times."
JB06,ACCES-VR (Brooklyn),jobs,"New York State vocational rehabilitation: job training, counseling and placement for people with disabilities.",55 Hanson Pl (Shirley Chisholm State Office Building),Fort Greene,Brooklyn,,,,Start with an orientation session.,People with disabilities who want to work.,,718-722-6700,,,,,,,https://includenyc.org/help-center/resources/acces-vr/,"Zip, orientation times."
JB07,ACCES-VR (Manhattan),jobs,"New York State vocational rehabilitation: job training, counseling and placement for people with disabilities.",116 W 32nd St,Midtown,Manhattan,,,,Start with an orientation session.,People with disabilities who want to work.,,212-630-2300,,,,,,,https://includenyc.org/help-center/resources/acces-vr/,"Zip, orientation times."
JB08,ACCES-VR (Harlem),jobs,"New York State vocational rehabilitation: job training, counseling and placement for people with disabilities.",163 W 125th St,Harlem,Manhattan,,,,,People with disabilities who want to work.,,212-961-4420,,,,,,,https://includenyc.org/help-center/resources/acces-vr/,"Zip, hours."
JB09,ACCES-VR (Queens),jobs,"New York State vocational rehabilitation: job training, counseling and placement for people with disabilities.",11-15 47th Ave,Long Island City,Queens,,,,Statewide info line: 800-222-5627.,People with disabilities who want to work.,,800-222-5627,,,,,,,https://includenyc.org/help-center/resources/acces-vr/,"Local office phone, zip."
JB10,Brooklyn Workforce Innovations,jobs,"Free job training with placement: commercial driving, cable installation, TV and film production, woodworking and more.",,Brooklyn,Brooklyn,,,,Info sessions are often held at Brooklyn Public Library.,NYC residents who qualify (varies by program). Free.,,,,bwiny.org,,,,,https://bklynlibrary.org/calendar/explore-your-future-bwis-central-library-business-20221110,Office address; current programs.
JB11,Goodwill NYNJ,jobs,"Job training, placement and support, especially for people with disabilities.",4-21 27th Ave,Astoria,Queens,11102,,,,"Adults looking for work, including people with disabilities.",,718-728-5400,,goodwillnynj.org,,,,,https://aphconnectcenter.org/directory/profile/9207,Which programs run at this site.
JB12,Workforce1 Career Center (Far Rockaway),jobs,"Free job search help: career counseling, resumes, interview prep, training and job openings.",57-17 Rockaway Beach Blvd,Far Rockaway,Queens,11692,,,Call 311 to schedule.,Anyone 18+ looking for work.,,311,,nyc.gov/workforce1,,,,,https://www.nyc.gov/workforce1 https://helpnewyork.com/?p=8125,"Phone, hours."
JB13,Workforce1 Industrial & Transportation (Bronx),jobs,"Free job help focused on industrial, construction and transportation jobs.","14 Bruckner Blvd, 3rd Floor",Mott Haven,Bronx,10454,,,Call 311 to schedule.,Anyone 18+ looking for work.,,311,,nyc.gov/workforce1,,,,,https://www.nyc.gov/workforce1 https://helpnewyork.com/?p=8125,"Phone, hours."
JB14,Workforce1 Healthcare Career Center,jobs,Free job help and training for healthcare careers.,"14 Wall St, 17th Floor",Financial District,Manhattan,10005,,,Call 311 to schedule.,Anyone 18+ looking for healthcare work.,,311,,nyc.gov/workforce1,,,,,https://www.nyc.gov/workforce1 https://helpnewyork.com/?p=8125,"Phone, hours."
JB15,Workforce1 Industrial & Transportation (Brooklyn Army Terminal),jobs,"Free job help focused on industrial, construction and transportation jobs.","140 58th St, Building B lobby",Sunset Park,Brooklyn,11220,,,Call 311 to schedule.,Anyone 18+ looking for work.,,311,,nyc.gov/workforce1,,,,,https://www.nyc.gov/workforce1 https://helpnewyork.com/?p=8125,"Phone, hours."
LG01,The Bronx Defenders,legal,"Free lawyers and advocates for Bronx residents in criminal, family, immigration and civil cases.",360 E 161st St,Concourse,Bronx,10451,,Mon-Fri 09:00-16:00,Community intake line hours shown.,Bronx residents with a legal problem.,Any court papers.,718-838-7878,,,,,,,https://mail.probono.net/friday/directory/organization.393227-The_Bronx_Defenders https://www.bronxdefenders.org/wp-content/uploads/2023/01/Community-Intake-Trifold-1-24-2023v.2.pdf,
LG02,Brooklyn Defender Services,legal,"Free lawyers for Brooklyn residents in criminal, family and immigration cases, including deportation defense.",177 Livingston St,Downtown Brooklyn,Brooklyn,11201,,,Toll-free: 888-898-0700. Appointments accepted.,Brooklyn residents with a legal problem.,Any court or immigration papers.,718-254-0700,,,,,,,https://www.immigrationadvocates.org/legaldirectory/organization.393213-Brooklyn_Defender_Services_Immigration_Practice,Floor (5th or 7th); intake hours.
LG03,Mobilization for Justice,legal,"Free civil legal help in Manhattan: housing, benefits, consumer debt, disability, older adults and special education.",,Manhattan,Manhattan,,,,"Separate intake lines by issue, e.g. seniors (212) 417-3888, special education (212) 417-3786.",Low-income New Yorkers.,Any papers about your case.,212-417-3700,,,,,,,https://hcr.ny.gov/legal-service-providers-new-york-city-area,Main intake line and hours.
LG04,Right to Counsel (free eviction lawyer),legal,"Free lawyers for tenants facing eviction in Housing Court, in every zip code and regardless of immigration status.",,Citywide (phone),Citywide,,,24/7,"Call 311 and ask for Right to Counsel. At your first court date you can also say ""I would like an attorney"".",NYC tenants facing eviction (income limits apply for full representation).,Court papers.,311,,,,,,,https://www.nyc.gov/site/hra/help/legal-services-for-tenants.page,Income limit.
LG05,Catholic Charities immigration legal services,legal,Low-cost immigration consultations and representation with Catholic Charities lawyers.,,Citywide (phone),Citywide,,,,Email immigration.services@archny.org.,Immigrants and their families.,Any immigration papers.,212-419-3700,,,,,,,https://catholiccharitiesny.org/?p=117494,Number (older source); cost.
LG06,Legal Services NYC (Manhattan),legal,"Free civil legal help: housing, benefits, family, consumer debt, immigration.",,Manhattan,Manhattan,,,,New callers should use the Access Line: 917-661-4500 (Mon-Fri 9:30am-4pm).,Low-income Manhattan residents.,Any papers about your case.,646-442-3100,,legalservicesnyc.org,,,,,https://www.legalservicesnyc.org/contact-us/,Office address.
ED01,NYC Public Schools Adult Education,education,"Free classes for adults to earn a high school equivalency (HSE/GED) and learn English, in all five boroughs.",,Citywide,Citywide,,,,Email adultednyc@schools.nyc.gov.,NYC residents 21 or older without a U.S. high school diploma or equivalency.,,646-481-8227,,,,,,,https://www.nyc.gov/employment/programs/nycdoe-adult-education,
ED02,DYCD Adult Literacy Program,education,"Free English, reading and HSE/GED prep classes at community organizations around the city.",,Citywide,Citywide,,,,,Low-income adults and out-of-school youth 16 and older.,,800-246-4646,,,,,,,https://www.nyc.gov/employment/programs/dycd-adult-literacy-program,
ED03,RiseBoro HSE and ESL classes,education,"Free high school equivalency classes in English and Spanish, plus free English (ESL) classes.",1474 Gates Ave,Bushwick,Brooklyn,,,,,Adults.,,,"Spanish, English",,,,,,https://resources.mutualaid.nyc/services/1268634177926093,"Phone, zip, class schedule."
ED04,City Tech Adult Learning Center,education,Free English (ESOL) and high school equivalency (HSE) classes at New York City College of Technology.,,Downtown Brooklyn,Brooklyn,,,,,Adults.,,718-552-1140,,,,,,,https://www.nld.org/nyc-college-of-technology-adult-learning-center,Address and registration dates.
ED05,BMCC Adult Basic Education Program,education,"Free adult literacy, English and HSE prep at Borough of Manhattan Community College.",,Lower Manhattan,Manhattan,,,,,Adults.,,212-346-8890,,,,,,,https://nld.org/bmcc-adult-basic-education-program,Address and registration dates.
ED06,Brooklyn College Adult Literacy Program,education,"Tuition-free English, pre-HSE and HSE classes. High demand, so applicants start on a waitlist.",,Midwood,Brooklyn,,,,,New York State residents 18 or older.,"Photo ID (NYS ID, IDNYC, passport).",,,brooklyn.edu/literacy,,,,,https://www.brooklyn.edu/literacy/,Phone; how long the waitlist is.
HC01,NYC Sexual Health Clinic (Chelsea),health,"Free or low-cost sexual health care from the NYC Health Department: STI and HIV testing and treatment, PrEP and PEP, birth control, emergency contraception. Express clinic with Tuesday evening hours.","303 Ninth Ave, 1st Floor",Chelsea,Manhattan,10001,,Mon-Fri 08:30-15:30,,Anyone. No insurance needed.,,347-396-7959,,nyc.gov/sexualhealthclinics,,,,,https://www.nyc.gov/site/doh/about/press/pr2025/nyc-health-campaign-to-promote-sexual-health-clinic-services.page https://www.nyc.gov/assets/doh/downloads/pdf/clinic/sexual-health-clinics-flyer.pdf,"Hours, ages served, cost."
HC02,NYC Sexual Health Clinic (Fort Greene),health,"Free or low-cost sexual health care from the NYC Health Department: STI and HIV testing and treatment, PrEP and PEP, birth control, emergency contraception. Medication abortion available. Express clinic with Tuesday evening hours.","295 Flatbush Ave Ext, 2nd Floor",Fort Greene,Brooklyn,11201,,Mon-Fri 08:30-15:30,,Anyone. No insurance needed.,,347-396-7959,,nyc.gov/sexualhealthclinics,,,,,https://www.nyc.gov/site/doh/about/press/pr2025/nyc-health-campaign-to-promote-sexual-health-clinic-services.page https://www.nyc.gov/assets/doh/downloads/pdf/clinic/sexual-health-clinics-flyer.pdf,"Hours, ages served, cost."
HC03,NYC Sexual Health Clinic (Morrisania),health,"Free or low-cost sexual health care from the NYC Health Department: STI and HIV testing and treatment, PrEP and PEP, birth control, emergency contraception. Medication abortion available.","1309 Fulton Ave, 2nd Floor",Morrisania,Bronx,10456,,Mon-Fri 08:30-15:30,,Anyone. No insurance needed.,,347-396-7959,,nyc.gov/sexualhealthclinics,,,,,https://www.nyc.gov/site/doh/about/press/pr2025/nyc-health-campaign-to-promote-sexual-health-clinic-services.page https://www.nyc.gov/assets/doh/downloads/pdf/clinic/sexual-health-clinics-flyer.pdf,"Hours, ages served, cost."
HC04,NYC Sexual Health Clinic (Jamaica),health,"Free or low-cost sexual health care from the NYC Health Department: STI and HIV testing and treatment, PrEP and PEP, birth control, emergency contraception. Medication abortion available.","90-37 Parsons Blvd, 1st Floor",Jamaica,Queens,11432,,Mon-Fri 08:30-15:30,,Anyone. No insurance needed.,,347-396-7959,,nyc.gov/sexualhealthclinics,,,,,https://www.nyc.gov/site/doh/about/press/pr2025/nyc-health-campaign-to-promote-sexual-health-clinic-services.page https://www.nyc.gov/assets/doh/downloads/pdf/clinic/sexual-health-clinics-flyer.pdf,"Hours, ages served, cost."
HC05,NYC Sexual Health Clinic (Corona),health,"Free or low-cost sexual health care from the NYC Health Department: STI and HIV testing and treatment, PrEP and PEP, birth control, emergency contraception. Thursday evening hours until 7:15pm.","34-33 Junction Blvd, 1st Floor",Corona,Queens,11372,,Mon-Fri 08:30-15:30,,Anyone. No insurance needed.,,347-396-7959,,nyc.gov/sexualhealthclinics,,,,,https://www.nyc.gov/site/doh/about/press/pr2025/nyc-health-campaign-to-promote-sexual-health-clinic-services.page https://www.nyc.gov/assets/doh/downloads/pdf/clinic/sexual-health-clinics-flyer.pdf,"Hours, ages served, cost."
HC06,NYC Sexual Health Clinic (Central Harlem),health,"Free or low-cost sexual health care from the NYC Health Department: STI and HIV testing and treatment, PrEP and PEP, birth control, emergency contraception. Medication abortion available.","2238 Fifth Ave, 1st Floor",Harlem,Manhattan,10037,,Mon-Fri 08:30-15:30,,Anyone. No insurance needed.,,347-396-7959,,nyc.gov/sexualhealthclinics,,,,,https://www.nyc.gov/site/doh/about/press/pr2025/nyc-health-campaign-to-promote-sexual-health-clinic-services.page https://www.nyc.gov/assets/doh/downloads/pdf/clinic/sexual-health-clinics-flyer.pdf,"Hours, ages served, cost."
HC07,Charles B. Wang Community Health Center (Chinatown),health,"Community health center: primary care, pediatrics, women's health and more, on a sliding scale.",268 Canal St,Chinatown,Manhattan,10013,,"Mon,Tue,Fri,Sat 09:00-18:00; Wed 10:00-18:00; Thu 11:00-18:00",,"Anyone, regardless of insurance or immigration status.",Proof of income for the sliding scale.,,,,,,,,https://www.blackhealth.org/clinic/charles-b-wang-community-health-center-inc-new-york-ny-c7c48db6/,Phone; hours.
HC08,Charles B. Wang Community Health Center (Flushing),health,"Community health center: primary care, pediatrics and wellness programs, on a sliding scale.",137-43 45th Ave,Flushing,Queens,11355,,,,"Anyone, regardless of insurance or immigration status.",Proof of income for the sliding scale.,718-886-1212,,,,,,,https://www.blackhealth.org/clinic/charles-b-wang-community-health-center-inc-flushing-ny-31943753/,Hours.
HC09,Morris Heights Health Center,health,"Community health center: primary care, women's health, dental, behavioral health and more, on a sliding scale.",85 W Burnside Ave,Morris Heights,Bronx,10453,,,,"Anyone, regardless of insurance.","Insurance card if you have one, ID, proof of income.",718-716-4400,,,,,,,https://wadsworth.org/node/4803/printable/print?page=167,Hours.
HS01,Coalition for the Homeless Crisis Intervention line,housing,Help for people who were denied shelter or have questions about getting into shelter.,,Citywide (phone),Citywide,,,,Leave a detailed message with your phone number. Main line: 212-776-2000.,"Anyone homeless or about to be, in NYC.",,888-358-2384,,,,,,,https://lawhelpny.org/organization/coalition-for-the-homeless https://www.coalitionforthehomeless.org/contact-us/,Callback hours.
HS02,Coalition for the Homeless Eviction Prevention hotline,housing,Help for tenants at risk of eviction: advice and referrals for back rent and legal help.,,Citywide (phone),Citywide,,,,Wednesdays from 9:30am.,NYC tenants at risk of eviction.,Rent demand or court papers.,888-850-2712,,,,,,,https://www.coalitionforthehomeless.org/contact-us/,Which days and hours the line is open (source only says Wednesdays from 9:30am).
SF09,Staten Island Family Justice Center,safety,"Free help in one place for survivors of domestic and gender-based violence, including safety planning, advocacy and legal help. Walk in, no appointment needed.",126 Stuyvesant Place,St. George,Staten Island,10301,,Mon-Fri 09:00-17:00,Walk-ins welcome during open hours. Children's room for kids 3 and up while parents get help.,Survivors of domestic and gender-based violence.,,718-697-4300,,,,,,,https://a860-gpp.nyc.gov/downloads/5h73pw757?locale=en https://www.domesticshelters.org/help/ny/staten-island/10301/new-york-city-family-justice-center-staten-island,Current services on site (Safe Horizon says its staff are no longer at this FJC).
SF10,Sanctuary for Families,safety,"Help for survivors of domestic violence, trafficking and related abuse, including legal help, counseling and shelter referrals.",,,Citywide,,,,Sources differ: one lists a hotline with live staff Mon-Fri 9am-6pm and voicemail after hours; another lists Mon-Fri 9am-5pm.,"Survivors of domestic violence, sex trafficking and related forms of gender violence.",,212-349-6009,,,,,,,https://www.domesticshelters.org/help/ny/new-york/10268/sanctuary-for-families https://herjustice.org/wp-content/uploads/2023/03/Legal-Resources.pdf https://humantraffickinghotline.org/es/node/13072,Hotline number (sources list 347-704-4500 or 212-349-6009 x8000) and hours. Info from secondary directories.
SF11,Day One (teen and young adult dating violence),safety,"Free, confidential help for young people facing dating abuse, including counseling, advocacy and legal services.",,,Citywide,,,Mon-Fri 09:30-16:30,"Helpline and text line answered during business hours. After hours, call the National Domestic Violence Hotline at 1-800-799-7233. t x646-535-3291.",Teens and young adults under 24 in NYC.,,800-214-4150,,https://dayoneny.org,,,,,https://dayoneny.org/community-based-clinical-advocacy-services/ https://www.lawhelpny.org/organization/day-one,Hours (an older listing says 10am-6pm).
SF12,Sakhi for South Asian Survivors,safety,"Crisis support, safety planning and referrals for South Asian survivors of gender-based violence. Has a program for survivors 55 and older.",,,Citywide,,,Mon-Sat 10:00-22:00,"Helpline hours vary by source (another Sakhi page says Mon-Fri 10am-10pm). After hours, call 1-800-799-7233. Office locations are confidential. t x305-204-1809.",South Asian survivors of gender-based violence.,,212-868-6741,,https://sakhi.org,,,,,https://sakhi.org/?p=10148 https://potluckasianamerica.org/directory/sakhi-for-south-asian-survivors/,Helpline hours; languages offered.
SF13,Arab-American Family Support Center (anti-violence services),safety,"Free help for survivors of domestic violence, sexual assault and trafficking, including safety plans, court accompaniment, translation and help with orders of protection.","150 Court Street, 3rd Floor",Cobble Hill,Brooklyn,11201,,Mon-Fri 09:00-17:00,One listing says 9am-6pm. Appointments accepted. Also has advocates at the Family Justice Centers.,"Survivors of domestic and gender-based violence, sexual assault and trafficking. No citizenship requirement.",,718-643-8000,All languages with interpreters,,,,,,https://www.1degree.org/opp/get-help-for-survivors-of-domestic-arab-american-family-support-brooklyn-ny https://www.cbsnews.com/amp/newyork/news/new-arab-american-family-support-center-cobble-hill-brooklyn-nyc,Hours (sources differ). Info from secondary directories.
SF14,Garden of Hope,safety,"Support for survivors of domestic and sexual violence, focused on Chinese communities in the NYC area.",,,Queens,,,24/7,Hotline listed as 24/7. Office open Mon-Fri 9am-5pm. Business line 718-321-8862.,"Survivors of domestic and sexual violence, especially in Chinese communities.",,877-990-8595,"English, Chinese, Cantonese, Taiwanese",https://gohny.org,,,,,https://www.domesticshelters.org/help/ny/flushing/11352/garden-of-hope https://nsvrc.org/?p=14155,Hotline number and hours (from a third-party directory).
SF15,Safe Horizon Child Advocacy Center - Bronx,safety,"A child-friendly center where children who have been abused get interviews, medical care and support in one place.","1775 Grand Concourse, 5th Floor",,Bronx,10453,,Mon-Fri 09:00-21:00,Referral needed. Cases are referred after a report to the State Central Register or police.,"Children who have been abused, and their non-offending caregivers. Referral required.",,929-265-3600,,,,,,,https://www.safehorizon.org/child-advocacy-center https://mountsinai.org/care/ehhop/resources/child-abuse-services,"Phone and hours come from a Mount Sinai resource page, not Safe Horizon."
SF16,Safe Horizon Child Advocacy Center - Manhattan,safety,"A child-friendly center where children who have been abused get interviews, medical care and support in one place.","1753 Park Ave, 2nd Floor",East Harlem,Manhattan,10035,,,Referral needed for appointments. Safe Horizon's 24/7 line is 1-800-621-4673.,"Children who have been abused, and their non-offending caregivers. Referral required.",,,,https://www.safehorizon.org/child-advocacy-center,,,,,https://www.safehorizon.org/child-advocacy-center,Direct phone and hours (not found on Safe Horizon's page).
SF17,Safe Horizon Streetwork Project - Harlem Drop-In,safety,"Drop-in center for homeless and street-involved young people with meals, showers, clothing, medical care, legal help and housing support.",209 West 125th Street,Harlem,Manhattan,10027,,Mon-Tue 12:00-17:00; Thu-Fri 12:00-17:00,New client intake in the late morning. Homeless Youth Hotline: 800-708-6600. Site may not be ADA accessible.,Young people about 16-25 who are homeless or street-involved.,,212-695-2220,,,,,,,https://safehorizon.org/programs/streetwork-project/ https://www.1degree.org/opp/visit-a-drop-in-center-for-youth-safe-horizon-new-york-ny,Hours and intake times (sources differ).
SF18,Safe Horizon Streetwork Project - Lower East Side Drop-In,safety,"Drop-in center for homeless and street-involved young people with meals, showers, clothing, medical care, syringe exchange and housing support.",33 Essex Street,Lower East Side,Manhattan,10002,,Tue 13:00-17:00; Thu-Fri 13:00-17:00,Another listing also includes Mondays 1-5pm. New client intake in the late morning. Elevator on site.,Young people about 16-25 who are homeless or street-involved.,,646-602-6404,,,,,,,https://safehorizon.org/programs/streetwork-project/ https://www.1degree.org/opp/visit-a-drop-in-center-for-youth-safe-horizon-new-york-ny,Hours and intake times (sources differ).
SF19,NYC Commission on Human Rights,safety,"Take reports of discrimination, harassment and bias in housing, work, public places and by law enforcement. Services are free.",22 Reade Street,Civic Center,Manhattan,10007,,,You can also call 311 and ask for the Commission. Complaints generally must be filed within one year.,Anyone in NYC who faced discrimination or bias harassment.,,212-416-0197,,https://www.nyc.gov/site/cchr,,,,,https://www.nyc.gov/assets/cchr/downloads/pdf/CCHR-testimony-february-25-2026.pdf https://comptroller.nyc.gov/wp-content/uploads/documents/SZ22-065AL.pdf https://www.nyc.gov/site/hpd/services-and-information/report-housing-discrimination.page,Hours; walk-in policy; which phone line is best (212-306-7450 also listed).
SF20,Elder Abuse Helpline for Concerned Persons (Weill Cornell),safety,"Free, confidential advice for family, friends and neighbors worried that an older adult is being mistreated. Not an emergency service.",,,Citywide,,,24/7,"Leave a message any time; a specialist follows up within 1-2 business days, Mon-Fri. Email cease_helpline@med.cornell.edu. In an emergency call 911.",People concerned about an older adult in New York State.,,844-746-6905,,https://elderabuse.weill.cornell.edu/programs/elder-abuse-helpline-concerned-persons,,,,,https://elderabuse.weill.cornell.edu/programs/elder-abuse-helpline-concerned-persons https://www.nyc.gov/assets/statenislandcb2/downloads/pdf/2026/2026-Helpline-Flyer-for-circulation.pdf,"24/7 availability comes from a 2026 community board flyer; older pages list 212-746-6905, Mon-Fri 9-5."
SF21,Barrier Free Living,safety,"Domestic violence services for survivors with disabilities and Deaf survivors, including counseling, an accessible shelter and supportive housing.",,,Citywide,,,Mon-Fri 09:00-17:00,Chat hotline Mon-Fri 9am-4:30pm. Deaf Services: 646-807-4013.,Adult survivors of domestic violence who have disabilities or are D/deaf.,,212-533-4358,,https://www.bflnyc.org,,,,,https://www.lawhelpny.org/organization/barrier-free-living https://digital-editions.schnepsmedia.com/NETWORKGUIDE2021/page_27.html,Office address; hours.
SF22,Violence Intervention Program (VIP Mujeres),safety,"Latina-led help for survivors of domestic and sexual violence, including a 24/7 bilingual hotline, shelter and housing programs.",,,Citywide,,,24/7,"Non-residential offices in the Bronx, Manhattan and Queens.","Survivors of domestic and sexual violence, with a focus on Latinas.",,800-664-5880,"English, Spanish",https://vipmujeres.org,,,,,https://resources.mutualaid.nyc/organizations/1324485002387638 https://peerta.acf.hhs.gov/sites/default/files/uploaded_files/VIP%20%28agency%20presentation%29_508.pdf,"Hotline still active (sources are community directories, one from 2022)."
SF23,NYS Office of Victim Services (crime victim compensation),safety,"Can help pay crime-related costs like medical bills, counseling, lost wages, funerals and moving. Apply online or by mail.",,,Citywide,,,,"Claims generally must be filed within one year of the crime. Limited emergency awards up to $2,500. TTY 1-888-289-9747.","Innocent victims of crime in NYS, and some family members or dependents, with out-of-pocket losses.",,800-247-8035,,https://ovs.ny.gov,,,,,https://ovs.ny.gov/system/files/documents/2025/10/ovs-claim-application-updated-100725.pdf https://www.nyc.gov/assets/nypd/downloads/pdf/collaborative_policing/ovs-ovsrightsofcvbooklet.pdf,Eligibility details and deadline from older brochures; TTY from a county page.
SF24,Love is Respect (dating abuse helpline),safety,"Free, confidential support by phone, text or chat for young people with questions about dating and relationships.",,,Citywide,,,24/7,Text LOVEIS to 22522. Chat at loveisrespect.org.,Young people ages 13-26.,,866-331-9474,,https://www.loveisrespect.org,,,,,https://nsvrc.org/organizations/love-respect https://211info.org/agency/4619/9152,
SF25,NYPD Hate Crime Task Force,safety,"Investigates bias-motivated crimes. For an emergency or crime in progress, call 911.",,,Citywide,,,,"Email hctf@nypd.org. For past incidents, you can also call your local precinct. Immigration status does not stop you from reporting.",Anyone who has experienced or witnessed a hate crime in NYC.,,888-440-4283,,,,,,,https://www.nyc.gov/assets/nypd/downloads/pdf/crime_prevention/hctf-brochure-english.pdf https://www.manhattanbp.nyc.gov/resources/reporting-hate-crimes,Phone comes from an older brochure; hours.
SF26,NYS Domestic and Sexual Violence Hotline,safety,"Free, confidential crisis counseling, safety planning and referrals by phone, text or chat.",,,Citywide,,,24/7,Text 844-997-2121. Chat at opdv.ny.gov. t x844-997-2121.,Anyone affected by domestic or sexual violence in New York State.,,800-942-6906,,https://opdv.ny.gov,,,,,https://opdv.ny.gov/contact-opdv https://www.rit.edu/compliance/sites/rit.edu.compliance/files/2026-07/Survivor%20Resource%20Guide%20%282026%29.pdf,
SF27,National Runaway Safeline,safety,"Free, confidential crisis support by phone, text or chat for young people who have run away or are thinking about it, and their families.",,,Citywide,,,24/7,Call or text 1-800-786-2929. Chat at 1800RUNAWAY.org. Home Free program can help youth 12-21 get home.,"Youth up to 24 who are at risk of homelessness or running away, and their families.",,800-786-2929,,https://www.1800runaway.org,,,,,https://www.1800runaway.org/wp-content/uploads/2025/12/220597-NRS-Outreach-Card.pdf https://nsvrc.org/organizations/national-runaway-safeline,
LG07,Neighborhood Defender Service of Harlem (NDS),legal,"Free public defense and related legal help, including an immigration defense practice.",317 Lenox Ave,Harlem,Manhattan,10027,,,,People in Harlem and Manhattan who need a defense lawyer; call to ask if you qualify.,,212-876-5500,,https://neighborhooddefender.org,,,,,https://neighborhooddefender.org/contact/ https://www.immigrationadvocates.org/legaldirectory/organization.393221-Neighborhood_Defender_Service_of_Harlem_Immigration_Defense_Practice,Hours; which services take new clients.
LG08,Her Justice,legal,"Free lawyers (through volunteer attorneys) for family, divorce and immigration cases.",,,Citywide,,,,Not a walk-in service. Apply online for family and divorce help. No emergency help; for urgent needs call 311.,"People who identify as women, transgender or nonbinary, live in NYC, have a family, divorce or immigration issue, and meet income limits.",,212-695-3800,,https://herjustice.org/get-help,,,,,https://herjustice.org/?p=373 https://www.immigrationadvocates.org/legaldirectory/organization.393224-Her_Justice_Inc,Phone (other directories list different numbers); hours; intake steps.
LG09,Safe Passage Project,legal,Free lawyers and social workers for young immigrants facing deportation.,185 W Broadway,Tribeca,Manhattan,10013,,,By appointment.,"Unaccompanied immigrant youth under 21 facing deportation, in NYC and Long Island.",,212-324-6558,,https://www.safepassageproject.org,,,,,https://www.immigrationadvocates.org/legaldirectory/organization.608515-Safe_Passage_Project https://www.guidestar.org/profile/46-2946211,Address and phone come from a directory listing; hours; intake process.
LG10,NYC Bar Legal Referral Service,legal,Connects you with a screened lawyer for your type of case. The first consultation is short and low-cost or free.,,,Citywide,,,Mon-Fri 08:30-17:30,"Closed 1-2pm for lunch. Online request form available any time. First consultation up to 30 minutes, free or $35 depending on case type. Spanish: 212-626-7374.","Anyone looking for a lawyer. This is a referral service, so later legal work may cost money.",,212-626-7373,"English, Spanish",https://www.nycbar.org/get-legal-help/,,,,,https://www.nycbar.org/about-us/visitor-information/ https://www.nycbar.org/?p=8215,Current consultation fee; hours (from an older press release).
LG11,CAMBA Legal Services,legal,"Free civil legal help, including housing and domestic violence cases, by appointment.","20 Snyder Avenue, Suite 202",Flatbush,Brooklyn,11226,,,"By appointment only. For immigration help, call 311 and ask for ActionNYC.",Brooklyn residents who need civil legal help; call to check if you qualify.,,718-287-0010,,https://www.camba.org/programs/legalservices,,,,,https://www.camba.org/programs/legalservices https://www.lawhelpny.org/organization/camba-legal-services-01,Address (older listings say 885 Flatbush Ave); hours.
LG12,Sanctuary for Families Legal Helpline,legal,"Free legal advice and help for survivors of domestic violence and trafficking, including family and immigration law.",,,Citywide,,,Mon-Fri 09:00-17:00,You can call the helpline any time; a lawyer is available weekdays 9am-5pm. For 24/7 help call the NYC hotline 1-800-621-4673. Text: 646-692-0300.,"Survivors of domestic violence and trafficking, regardless of gender, sexual orientation, marital status or immigration status.",,212-349-6009 x8000,,https://sanctuaryforfamilies.org,,,,,https://sanctuaryforfamilies.org/?p=77,Hours; office locations.
LG13,VOLS Senior Law Project,legal,"Free help with wills, powers of attorney, health care proxies and other planning documents.",,,Citywide,,,,You can also fill out an online form to request a call back. Spanish: 347-521-5713.,NYC residents age 60+.,,347-521-5704,"English, Spanish",https://volsprobono.org/get-help/,,,,,https://volsprobono.org/get-help/ https://www.lawhelpny.org/organization/volunteers-of-legal-service-vols-senior,Hours; income limits.
LG14,Family Legal Care (formerly LIFT) Helpline,legal,"Free help understanding Family Court, your rights and options, plus referrals. Also help desks inside Family Court.",,,Citywide,,,Mon-Fri 09:00-17:00,"Closed 1-2pm. Also by email and live chat. Accepts calls from NY State prisons. In-person tables at Family Court in Manhattan, Brooklyn and the Bronx.",Parents and others going to Family Court without a lawyer.,,212-343-1122,"English, Spanish",,,,,,https://publicredesign2025.nycourts.gov/court-help-centers/new-york-manhattan-county-family-legal-care-formerly-lift https://www.lawhelpny.org/organization/family-legal-care,Summer Friday hours; court help table hours.
LG15,Youth Represent,legal,"Free lawyers for young people with criminal, family court, eviction, school suspension and record issues, including record correction and name or gender marker changes.",,,Citywide,,,,In-person or remote intake. Chatbot on website.,Low-income young people up to age 26.,,646-759-8088,,https://youthrepresent.org,,,,,https://www.lawhelpny.org/organization/youth-represent https://youthrepresent.org/about/,Hours; office address.
LG16,Legal Hand Crown Heights Storefront,legal,"Trained community volunteers give free legal information, help with forms, and referrals for housing, benefits and other problems.",250 Kingston Ave,Crown Heights,Brooklyn,11213,,Mon 10:00-17:00; Wed 10:00-13:00; Thu 10:00-17:00,Site noted it was helping by phone only for a period. Volunteers are not lawyers.,Anyone; free.,,718-619-4248,,https://legalhand.org/storefront-centers,,,,,https://legalhand.org/storefront-centers,Hours and whether walk-ins are open; program may now be named Community Justice Connect.
LG17,Legal Hand Jamaica Storefront,legal,"Trained community volunteers give free legal information, help with forms, and referrals.",149-13 Jamaica Ave,Jamaica,Queens,11435,,,Open Tuesday-Friday with a midday break; closed Monday and Saturday. Volunteers are not lawyers.,Anyone; free.,,646-741-6411,,https://legalhand.org/storefront-centers,,,,,https://legalhand.org/storefront-centers,Exact hours; program may now be named Community Justice Connect.
LG18,NYC Workers' Rights Complaints (DCWP),legal,"The city looks into complaints about NYC worker laws like paid safe and sick leave, and refers other job problems to the right agency.",,,Citywide,,,,"File online, call 311, or email the intake form to OLPS@dcwp.nyc.gov. 212-NEW-YORK from outside NYC.",People who work in NYC. Your employer cannot punish you for using sick leave.,Any documents about your complaint.,311,,https://www.nyc.gov/site/dca/workers/workersrights/file-workplace-complaint.page,,,,,https://www.nyc.gov/site/dca/workers/workersrights/file-workplace-complaint.page https://www.nyc.gov/site/dca/about/paid-sick-leave-what-employees-need-to-know.page,
LG19,Legal Services NYC (Staten Island),legal,Free civil legal help with problems like housing and benefits.,"36 Richmond Terrace, Suite 205",St. George,Staten Island,10301,,,,Low-income Staten Island residents.,,718-233-6480,,,,,,,https://www.immigrationadvocates.org/legaldirectory/organization.393201-Legal_Services_NYC_Staten_Island_Office https://www.womenslaw.org/find-help/ny/finding-lawyer/new-york-city-legal-assistance/R,Address (one listing says 60 Bay St Suite 900); hours. From directory listings.
LG20,LawHelpNY,legal,"Free website to find free and low-cost legal help across New York, plus plain-language self-help guides and live chat.",,,Citywide,,,24/7,Website available any time; live chat hours may vary.,Anyone in New York State. Does not cover criminal law self-help.,,,"English, Spanish (AyudaLegalNY.org)",https://www.lawhelpny.org,,,,,https://www.lawhelpny.org/about-us,Live chat hours.
ED07,Queens Public Library: Central Library Adult Learning Center,education,"Free high school equivalency (HSE) classes and testing, plus English (ESOL) classes with job certification.",89-11 Merrick Boulevard,Jamaica,Queens,11432,,Mon-Fri 10:00-17:00,Saturday by appointment only. Seats are given by lottery because of high demand; call to ask how to apply.,Adults looking to improve English or earn a high school equivalency.,,718-990-0754,,https://www.queenslibrary.org/programs-activities/adult-learners/adult-learning-centers/Central-ALC,,,,,https://www.queenslibrary.org/index.php/programs-activities/adult-learners/adult-learning-centers/Central-ALC https://acces.nysed.gov/hse/test-center/queens-library-central-adult-learning-center,Hours; lottery timing; HSE line 718-990-5152 and ESOL line 718-480-4300 also listed. Facts from search-result summaries (official page could not be opened directly).
ED08,Queens Public Library: Flushing Adult Learning Center,education,"Free adult basic education, pre-HSE, English (ESOL), citizenship prep, job readiness and computer training.",41-17 Main Street,Flushing,Queens,11355,,,"Classes have been full; seats are given by lottery. An inquiry form is available in English, Spanish and Chinese.",Adults.,,718-661-1241,"Inquiry form in English, Spanish, Chinese",https://www.queenslibrary.org/programs-activities/adult-learners/adult-learning-centers/flushing,,,,,https://www.queenslibrary.org/programs-activities/adult-learners/adult-learning-centers/flushing https://www.nld.org/flushing-adult-learning-program,Hours (only an older 2021 third-party listing had hours); whether seats are open now.
ED09,CUNY Fatherhood Academy (Kingsborough),education,"Free HSE prep or college prep for young fathers, with tutoring, parenting and job workshops, counseling, MetroCards and stipends.","Kingsborough Community College, Room T4-162",Manhattan Beach,Brooklyn,,,,Office open 8am-5pm (days not stated). HSE track meets 3 days a week for 16 weeks. Also offered at Hostos (Bronx) and LaGuardia (Queens).,"NYC fathers or expectant fathers, ages 18-30. College prep track needs an HS diploma/HSE, no more than 12 college credits, and not in college now.",,718-368-6784,,https://www.kbcc.cuny.edu/ce/fatherhood.html,,,,,https://www.kbcc.cuny.edu/ce/fatherhood.html https://growingupnyc.cityofnewyork.us/programs/cuny-fatherhood-academy/,Street address and zip of campus not in source; office hours from search summary; office days.
ED10,Goddard Riverside Options Center,education,"Free one-on-one help applying to college, choosing schools and getting financial aid.",352 West 110th Street,Upper West Side,Manhattan,10025,,,Walk-in hours were listed as Wednesdays 2-3 pm on one page; may be out of date.,"NYC public/parochial high school juniors and seniors, and NYC young adults and adults with a high school diploma or TASC/GED.",,212-678-4667,,https://goddard.org/programs/children-and-youth/options/,,,,,https://goddard.org/programs/children-and-youth/options/,Walk-in hours.
ED11,Literacy Partners,education,"Free English classes for parents and caregivers of young children, online and in person, plus HSE classes in Manhattan.","75 Maiden Lane, Suite 1102",Financial District,Manhattan,10038,,,,Adults; English for Parents is for parents and caregivers of young children.,,212-725-9200,,https://literacypartners.org/our-classes,,,,,https://literacypartners.org/our-classes https://communityopportunities.binghamton.edu/organizations/1140 https://www.nld.org/literacy-partners-1,Address and phone come from secondary directories and conflict with another listing (253 Broadway); hours unknown.
ED12,Lehman College Adult Learning Center,education,"Free classes in basic reading and math, English (ESOL), and HSE exam prep.","250 Bedford Park Blvd. West, Old Gym Bldg., Room 019",Bedford Park,Bronx,10468,,,"An older listing gave Mon-Thu 9am-8:45pm, Fri 9am-5pm. D or 4 train to Bedford Park Blvd.","Adults; sources differ on minimum age (16, 18 or 19+).",,718-960-8807,,https://www.lehman.edu/institute-literacy-studies/alc/index.php,,,,,https://lehman.edu/institute-literacy-studies/alc/contact.php https://www.acces.nysed.gov/lehman-college-adult-learning-center-cuny,Hours; minimum age; room (NYSED lists Speech and Theater Bldg rooms 125/126); HSE line 718-960-7359.
ED13,University Settlement free adult English classes,education,"Free 10-month English classes from beginner to advanced, with textbooks provided.",184 Eldridge Street,Lower East Side,Manhattan,10002,,Tue-Thu 18:30-21:00; Sat-Sun 09:00-17:00,Day classes also offered. Apply through the website.,"18+, NYC residents who can attend 10 months of in-person classes.",,212-533-6306,,,,,,,https://www.nld.org/university-settlement-society-new-york https://resources.mutualaid.nyc/services/637515971505289,Class times and enrollment dates (from NLD listing updated April 2025).
ED14,Henry Street Settlement adult literacy and ESOL,education,"Free HSE/GED prep (basic, pre-HSE and HSE levels) and English classes with job readiness and citizenship prep.","178 Broome Street, 3rd Floor",Lower East Side,Manhattan,,,,HSE enrollment in person Tue and Thu 9:30am-12:30pm; ESOL walk-in registration Fri 1-2pm. Classes weekday mornings and afternoons.,HSE: adults 18+.,,212-478-5400,,https://www.henrystreet.org/hse-preparation-classes/,,,,,https://www.henrystreet.org/hse-preparation-classes/ https://henrystreet.org/esol,Registration days; zip.
ED15,NYC Public Schools Family Welcome Center (Fordham),education,"Help enrolling children in NYC public schools, in person, by phone or virtually.","1 Fordham Plaza, 7th Floor",Fordham,Bronx,10458,,Mon-Thu 08:00-17:00; Fri 08:00-15:00,"Email FordhamFWC@schools.nyc.gov to make an appointment. Serves Districts 7, 9 and 10.",Families of NYC students in grades K-12.,,718-329-8046,,https://pws.nycenet.edu/FWC,,,,,https://pws.nycenet.edu/FWC https://pwsauth.nycenet.edu/enrollment/enrollment-help/family-welcome-centers,"Grades served (K-12 is general FWC scope, not stated in source summary)."
ED16,NYC Public Schools Family Welcome Center (Zerega),education,"Help enrolling children in NYC public schools, in person, by phone or virtually.","1230 Zerega Avenue, Room 24",Castle Hill,Bronx,10462,,Mon-Thu 08:00-17:00; Fri 08:00-15:00,"Email or call to make an appointment. Serves Districts 8, 11 and 12.",Families of NYC public school students.,,718-828-7546,,https://pws.nycenet.edu/FWC,,,,,https://pws.nycenet.edu/FWC https://pwsauth.nycenet.edu/enrollment/enrollment-help/family-welcome-centers,Neighborhood name is approximate.
ED17,NYPL TechConnect,education,"Free computer and technology classes, from basic computer use to business software, at library branches.",,,Citywide,,,,"Classes at Bronx, Manhattan and Staten Island branches; register for sessions online.",Adults.,,,,https://www.eventbrite.com/o/15754426384,,,,,https://www.eventbrite.co.uk/o/nypl-techconnect-15754426384,Current class schedule; only Eventbrite organizer page seen (nypl.org page not checked).
ED18,Hostos Community College Adult Learning Center,education,"Free classes in reading, math, reading in Spanish, English (ESL) and pre-GED/GED. Morning and evening sessions.",500 Grand Concourse,Mott Haven,Bronx,10451,,,Classes meet 2-4 days a week. Leave a message; staff call back within 48 hours.,19+. HSE track needs a 9.0 grade level on the placement test.,,718-518-6656,"English, Spanish",https://hostos.cuny.edu/Administrative-Offices/Continuing-Education-Department,,,,,https://hostos.cuny.edu/Administrative-Offices/Continuing-Education-Department https://hostos.cuny.edu/Admissions/Adults,"Phone is the Continuing Education line, not ALC direct; address is main campus; some HSE/ESOL courses may charge tuition."
ED19,LaGuardia Community College High School Equivalency (HSE) program,education,"HSE prep classes from basic skills to advanced, including Spanish-language classes, and a free GED exam at the campus testing center.","LaGuardia Community College, Room C-400",Long Island City,Queens,,,Mon-Thu 09:00-18:00,Office hours. Scholarships may cover HSE for students with financial hardship.,GED exam: NY State residents 19+ (30+ days residency) without a high school diploma; 17-18 year olds need extra forms.,,718-482-5385,"English, Spanish",https://www.laguardia.edu/ce/pre-college-and-high-school-equivalency/high-school-equivalency-hse-overview/,,,,,https://www.laguardia.edu/ce/pre-college-and-high-school-equivalency/high-school-equivalency-hse-overview/,Whether prep classes are free (only exam confirmed free); street address and zip.
ED20,Grand Street Settlement adult education,education,Free adult education classes to prepare for the High School Equivalency exam.,80 Pitt Street,Lower East Side,Manhattan,10002,,,Appointment required.,Adults of all ages.,,212-674-1740,,https://grandsettlement.org/programs-and-services/individuals-and-families,,,,,https://www.1degree.org/opp/enroll-in-free-adult-education-grand-street-settlement-new-york-new-york?s=related https://grandsettlement.org/programs-and-services/individuals-and-families https://grandsettlement.org/about,Where classes meet (80 Pitt St is headquarters; no source confirms classes there); schedule.
ED21,The Opportunity Network Fellows Program,education,"Six-year college and career program with college guidance, networking, career exposure and paid summer internships.",,,Citywide,,,,,"10th graders at NYC high schools from under-resourced communities, household income under $125,000; most Fellows have 87+ GPA.",,,,https://opportunitynetwork.org/,,,,,https://opportunitynetwork.org/?p=2722,Whether it is free; application deadlines; contact is recruiting@opportunitynetwork.org.
JB16,Fortune Society (employment services),jobs,"Job readiness training and help finding work, along with other support for people coming home from jail or prison.",29-76 Northern Boulevard,Long Island City,Queens,11101,,Mon-Thu 08:00-20:00; Fri 08:00-17:00,Call the main line for intake.,People with justice involvement (formerly incarcerated).,,212-691-7554,,https://fortunesociety.org/our-services,,,,,https://resources.mutualaid.nyc/services/711979909469111 https://www.op.nysed.gov/fortune-society-inc-castle-gardens,"Hours and eligibility came from third-party directories, not Fortune's own site; confirm."
JB17,Grace Institute,jobs,"Free job training for women in office and healthcare administration, with help finding a job afterward.","40 Rector St, Floor 14",Financial District,Manhattan,10006,,,,"Unemployed or underemployed women, ages 18-64, living in NYC.",,212-832-7605,,https://graceinstitute.org/training-and-placement,,,,,https://graceinstitute.org/training-and-placement https://www.guidestar.org/Profile/81-0844164,Program length (sources say 12 or 14 weeks); address came from GuideStar; hours unknown.
JB18,Nontraditional Employment for Women (NEW),jobs,"Free pre-apprenticeship training for women who want to work in construction and the building trades, by day (Blue Collar Prep) or evening (NEW at Night).",243 West 20th Street,Chelsea,Manhattan,10011,,,"Start by attending an information session (online), then a TABE test and intake.","Women 18+, eligible to work in the US, with a high school diploma or equivalency, English proficiency, and able to lift up to 65 lbs.",,212-627-6252,,https://new-nyc.org,,,,,https://new-nyc.org/enroll https://www.new-nyc.org/apply-1 https://volunteer.charitynavigator.org/organizations/nontraditional-employment-for-women-new-york-ny,Address and phone came from directory listings; next info session dates.
JB19,Center for Employment Opportunities (CEO),jobs,"Job readiness training, short-term paid transitional work (paid daily), and help finding a full-time job for people recently home from incarceration.",50 Broadway,Financial District,Manhattan,10004,,,,People recently released from incarceration (often on parole or probation). Referrals may come from parole or probation officers.,,212-422-4430,,https://ceoworks.org,,,,,https://ceoworks.org/publications/2024-annual-report https://peerta.acf.hhs.gov/upitoolkit/content/center-employment-opportunities,"Suite/floor (sources say Suite 1604, 17th or 18th floor); exact eligibility and enrollment steps; hours. This is a headquarters address; ask where NYC participants enroll."
JB20,Pursuit Fellowship,jobs,"Free training program that helps adults with no coding experience start careers in technology, with a hybrid schedule (online and in person).","47-10 Austell Place, 2nd Floor",Long Island City,Queens,11101,,,"If you don't have a computer or internet, you can come to the office to complete the application.","Adults 18+ with personal income under $45,000 a year, living in the NYC area, English proficient and eligible to work in the US.",,,,https://www.pursuit.org/fellowship,,,,,https://www.pursuit.org/faq https://www.pursuit.org/apply https://jobs.nyc.gov/ar/jobseekers/programs/pursuit-fellowship,No phone found (email admissions@pursuit.org); current application dates; hours.
JB21,Emma's Torch (culinary training),jobs,Paid 11-week culinary training that prepares students to work in restaurants.,345 Smith St,Carroll Gardens,Brooklyn,,,,,"Refugees, asylees, and survivors of human trafficking. A 2024 listing also required basic English and being able to stand 8 hours and lift 50 lbs.",,,,https://emmastorch.org,,,,,https://jobs.nyc.gov/ht/jobseekers/programs/emmas-torch/ https://www.timeout.com/newyork/blog/a-brooklyn-organization-is-turning-refugees-in-nyc-into-chefs-110217 https://libero.pe/ocio/2024/10/13/buenas-noticias-inmigrantes-en-nueva-york-ofrecen-capacitacion-gratis-remunerada-trabajar-en-industria-culinaria-inmigracion-en-estados-unidos-eeuu-lbeu-972634,Address is the Classroom Café from an older news article; zip; phone; whether 2024 requirements still apply; next cohort.
JB22,Henry Street Settlement Workforce Development Center,jobs,Meet with an employment coordinator for help with job searching and job training.,178 Broome Street,Lower East Side,Manhattan,10002,,Tue-Thu 10:00-13:00,Walk in during these hours to meet an Employment Coordinator.,,,,,https://www.henrystreet.org/programs/employment/workforce-development-center,,,,,https://www.henrystreet.org/programs/employment/workforce-development-center https://henrystreet.org/about/our-buildings/178-broome-street,"Phone (only an old number, 212-478-5400, for the former site was found); zip; eligibility."
JB23,NYC Ladders for Leaders (paid summer internships),jobs,Paid summer internships with NYC employers for strong high school and college students; pay is at least $15 an hour.,,,Citywide,,,Mon-Fri 09:00-17:00,Hours are for the DYCD Community Connect help line. Applications usually open late January/early February at application.nycsyep.com.,"Students ages 16-21 (some DYCD pages say 16-22) in high school or college, with a 3.0 GPA or higher, living in NYC, with prior work or volunteer experience.","Application needs essays, a transcript and a resume.",800-246-4646,,https://application.nycsyep.com,,,,,https://www.nyc.gov/assets/dycd/downloads/pdf/Ladders-for-Leaders_FAQs_2023.pdf https://www.nyc.gov/site/dycd/services/jobs-internships/nyc-ladders-for-leaders-employers-faq.page,Age limit (16-21 vs 16-22); details from a 2023 FAQ.
HC10,Ryan Health (Adair),health,Primary health care. Uninsured patients can pay on a sliding scale based on income and family size.,565 Manhattan Ave,Harlem,Manhattan,10027,,,,"Everyone, regardless of insurance or ability to pay.",,212-749-1820,,https://ryanhealth.org,,,,,https://www.blackhealth.org/clinic/ryan-health-adair-new-york-ny-ee7289d5/ https://helpnewyork.com/?p=8072,Hours; services at this site; all details came from secondary directories.
HC11,"Urban Health Plan, El Nuevo San Juan Health Center",health,Community health center with sliding-scale fees for people without insurance.,1065 Southern Blvd,Longwood,Bronx,10459,,Mon-Sat 08:00-17:00,A CDC listing shows weekdays until 6 PM. Closed Sunday.,Everyone; sliding fee available.,,718-589-4755,,https://urbanhealthplan.org,,,,,https://www.nyc.gov/assets/mayorspeu/downloads/pdf/Bronx_Health_Resources_F_3_2.pdf https://npin.cdc.gov/organization/urban-health-plan-2 https://www.bluehive.com/provider/el-nuevo-san-juan-health-center,Phone (sources also list 718-589-2440 and 718-589-1687); weekday closing time.
HC12,"Community Healthcare Network, C.A.B.S. Center",health,Community health center. What you pay depends on your income.,94 Manhattan Ave,Williamsburg,Brooklyn,11206,,,Walk-ins listed as accepted.,"Everyone, no matter immigration status or ability to pay.",,718-388-0390,,https://www.chnnyc.org,,,,,https://www.chnnyc.org/frequently-asked-questions/ https://feedam.org/resource/156611,Hours; address and phone came from a secondary directory.
HC13,Community Health Center of Richmond (Port Richmond),health,"Community health center with sliding-scale fees for uninsured patients; accepts Medicaid, Medicare and private insurance.",235 Port Richmond Ave,Port Richmond,Staten Island,10302,,,"Open Mon-Sat with evening hours Tue and Thu, per a CDC listing. Appointment required.",Everyone; no one turned away for inability to pay.,,718-876-1732,,,,,,,https://npin.cdc.gov/organization/community-health-center-richmond https://feedam.org/resource/157932,Phone (CDC lists 718-924-2254); exact hours; website.
HC14,NYU College of Dentistry patient care,health,Dental care at reduced cost from a dental school clinic. Accepts Medicaid.,345 E. 24th Street,Kips Bay,Manhattan,10010,,,,Open to the public.,,212-995-3271,,https://dental.nyu.edu/patientcare,,,,,https://patientaccess.dental.nyu.edu/PatientAccess/Default.aspx?id=17 https://www.beckersdental.com/dentists/nyu-dental-school-opens-practice-in-downtown-brooklyn,"Hours; current fees. A Brooklyn site also exists (336 Flatbush Ave Ext, 646-997-4300). Cost info came from 2020 articles."
HS03,CAMBA HomeBase (Staten Island),housing,"Help to stay in your home and avoid shelter, such as with rent arrears and eviction problems.","120 Stuyvesant Place, 4th floor, Suite 413",St. George,Staten Island,,,,Another Staten Island site is at 209 Bay Street (718-226-0496). You can also call 311 and ask for HomeBase.,Staten Island residents at risk of losing housing.,,718-282-6473,,https://www.nyc.gov/homebase,,,,,https://nyc.gov/assets/hra/downloads/pdf/services/homelessness-prevention/homebase/homebase_map.pdf https://www.nyc.gov/assets/dhs/downloads/pdf/homebase/homebase-flyer-general.pdf,Which site and number are current; hours; zip.
HS04,NYC Housing Connect (affordable housing lottery),housing,"Apply online for affordable apartments chosen by lottery, where rent is set by income.",,,Citywide,,,,Call 311 for help. Paper applications: HPD 212-863-7990 or HDC 212-227-6411.,18+ (or emancipated minor) to sign a lease. Income and household-size limits differ by building; some buildings are for seniors 62+.,,311,,https://on.nyc.gov/AffordableHousing,,,,,https://www.nyc.gov/site/hpd/about/terms-and-conditions.page https://www.nyc.gov/site/mopd/resources/housing.page https://epicenter-nyc.com/how-to-apply-to-the-new-york-housing-lottery/,None major; check each listing's income rules.
HS05,Breaking Ground street outreach,housing,Outreach teams come to someone living on the street to offer help and connection to housing.,,,Manhattan,,,Mon-Fri 09:00-17:00,"Hours are for the direct line. Any time, call 311 and ask for Mobile Street Outreach; a team is sent within about an hour.",People living on the street.,,800-871-8910,,https://www.breakingground.org/contact-us,,,,,https://www.breakingground.org/contact-us,Direct line is for Manhattan; 311 is the main route.
HS06,Project Hospitality Drop-In Center,housing,Drop-in center for people experiencing homelessness on Staten Island.,150 Richmond Terrace,St. George,Staten Island,,,,Call 311 for shelter information or outreach.,,,,,,,,,,https://home4.nyc.gov/assets/dhs/downloads/pdf/intake_drop_in_centers.pdf https://www.coalitionforthehomeless.org/resources/project-hospitality-drop-in-center/,Phone (older listing: 718-720-0079 x10 at 25 Central Ave); hours; zip; age rules. Address from DHS guide rev. 01/2025.
MH14,ACMH Garden House (crisis respite),mental_health,"A short, voluntary stay (up to 28 days, based on need) in a home-like setting for people in an emotional or mental health crisis, with staff support 24/7. Free; insurance not required.",165 E. 2nd Street,East Village,Manhattan,10009,,24/7,"Staff available 24/7. Admission depends on bed availability. City page says walk-ins accepted, but city FAQ says a referral is needed; call first. For referrals you can also call 988.",Adults 18+ in emotional or mental health crisis who are not at imminent risk of harming themselves or others and are willing to take part. No diagnosis needed. Not a substitute for housing or shelter.,"NYC Residential Crisis Support/Respite Referral Form (from a provider, 988, or the program).",212-253-6377 x406 or 408,,,,,,,https://www.nyc.gov/site/doh/health/health-topics/crisis-emergency-services-respite-centers.page https://www.nyc.gov/assets/doh/downloads/pdf/mh/crisis-respite-support-referral-form.pdf https://www.nyc.gov/assets/doh/downloads/pdf/mh/crisis-respite-faq.pdf,Bed availability; whether walk-ins are accepted; neighborhood inferred from address. Details from search-result excerpts of city pages.
MH15,ACMH Independence House (crisis respite),mental_health,"A short, voluntary stay (up to 28 days, based on need) in a home-like setting for people in an emotional or mental health crisis, with staff support 24/7. Free; insurance not required.",500 W. 167th Street,Washington Heights,Manhattan,10032,,24/7,"Staff available 24/7. Admission depends on bed availability. City page says walk-ins accepted, but city FAQ says a referral is needed; call first. For referrals you can also call 988.",Adults 18+ in emotional or mental health crisis who are not at imminent risk of harming themselves or others and are willing to take part. No diagnosis needed. Not a substitute for housing or shelter.,"NYC Residential Crisis Support/Respite Referral Form (from a provider, 988, or the program).",212-274-8558,,,,,,,https://www.nyc.gov/site/doh/health/health-topics/crisis-emergency-services-respite-centers.page https://www.nyc.gov/assets/doh/downloads/pdf/mh/crisis-respite-support-referral-form.pdf https://www.nyc.gov/assets/doh/downloads/pdf/mh/crisis-respite-faq.pdf,"Phone: city page lists 212-274-8558, but the city referral form lists 212-253-6377 ext. 406/408 for both ACMH houses. Walk-in policy; neighborhood inferred."
MH16,Mosaic Mental Health crisis respite (Bronx),mental_health,"A short, voluntary stay (up to 28 days, based on need) in a home-like setting for people in an emotional or mental health crisis, with staff support 24/7. Free; insurance not required.",640-642 West 232nd Street,Riverdale,Bronx,10463,,24/7,"Staff available 24/7. Admission depends on bed availability. City page says walk-ins accepted, but city FAQ says a referral is needed; call first. For referrals you can also call 988. About 10 beds.",Adults 18+ in emotional or mental health crisis who are not at imminent risk of harming themselves or others and are willing to take part. No diagnosis needed. Not a substitute for housing or shelter.,"NYC Residential Crisis Support/Respite Referral Form (from a provider, 988, or the program).",718-884-2992,,,,,,,https://www.nyc.gov/site/doh/health/health-topics/crisis-emergency-services-respite-centers.page https://www.nyc.gov/assets/doh/downloads/pdf/mh/crisis-respite-support-referral-form.pdf https://www.nyc.gov/assets/doh/downloads/pdf/mh/crisis-respite-faq.pdf,Bed availability; walk-in policy. Operator formerly Riverdale Mental Health Association.
MH17,Services for the Underserved Brooklyn Respite (Union Street),mental_health,"A short, voluntary stay (up to 28 days, based on need) in a home-like setting for people in an emotional or mental health crisis, with staff support 24/7. Free; insurance not required.",2118 Union Street,,Brooklyn,11212,,24/7,"Staff available 24/7. Admission depends on bed availability. City page says walk-ins accepted, but city FAQ says a referral is needed; call first. For referrals you can also call 988.",Adults 18+ in emotional or mental health crisis who are not at imminent risk of harming themselves or others and are willing to take part. No diagnosis needed. Not a substitute for housing or shelter.,"NYC Residential Crisis Support/Respite Referral Form (from a provider, 988, or the program).",347-505-0870,,,,,,,https://www.nyc.gov/site/doh/health/health-topics/crisis-emergency-services-respite-centers.page https://www.nyc.gov/assets/doh/downloads/pdf/mh/crisis-respite-support-referral-form.pdf https://www.nyc.gov/assets/doh/downloads/pdf/mh/crisis-respite-faq.pdf https://omh.ny.gov/omhweb/Regional Resource Guides/nyc-kings-brooklyn-resource-guide.pdf,Phone: state OMH guide ties 646-757-4561 to this address instead. Walk-in policy; neighborhood.
MH18,Services for the Underserved Bright Corner (crisis respite),mental_health,"A short, voluntary stay (up to 28 days, based on need) in a home-like setting for people in an emotional or mental health crisis, with staff support 24/7. Free; insurance not required.",17-19 Montrose Avenue,Williamsburg,Brooklyn,11206,,24/7,"Staff available 24/7. Admission depends on bed availability. City page says walk-ins accepted, but city FAQ says a referral is needed; call first. For referrals you can also call 988.",Adults 18+ in emotional or mental health crisis who are not at imminent risk of harming themselves or others and are willing to take part. No diagnosis needed. Not a substitute for housing or shelter.,"NYC Residential Crisis Support/Respite Referral Form (from a provider, 988, or the program).",646-757-4561,,,,,,,https://www.nyc.gov/site/doh/health/health-topics/crisis-emergency-services-respite-centers.page https://www.nyc.gov/assets/doh/downloads/pdf/mh/crisis-respite-support-referral-form.pdf https://www.nyc.gov/assets/doh/downloads/pdf/mh/crisis-respite-faq.pdf,Phone (one state guide links this number to Union Street site); walk-in policy; neighborhood inferred from address.
MH19,Ohel crisis respite (Brooklyn),mental_health,"A short, voluntary stay (up to 28 days, based on need) in a home-like setting for people in an emotional or mental health crisis, with staff support 24/7. Free; insurance not required.",1664 41st Street,Borough Park,Brooklyn,,,24/7,"Staff available 24/7. Admission depends on bed availability. City page says walk-ins accepted, but city FAQ says a referral is needed; call first. For referrals you can also call 988. Small program (about 3 beds).",Adults 18+ in emotional or mental health crisis who are not at imminent risk of harming themselves or others and are willing to take part. No diagnosis needed. Not a substitute for housing or shelter.,"NYC Residential Crisis Support/Respite Referral Form (from a provider, 988, or the program).",800-603-6435,,,,,,,https://www.nyc.gov/site/doh/health/health-topics/crisis-emergency-services-respite-centers.page https://www.nyc.gov/assets/doh/downloads/pdf/mh/crisis-respite-support-referral-form.pdf https://omh.ny.gov/omhweb/Regional Resource Guides/nyc-kings-brooklyn-resource-guide.pdf,"Address: state OMH guide lists 1268 E 14th St, Brooklyn 11230 for the same number. Zip; neighborhood inferred; walk-in policy."
MH20,Transitional Services for New York Miele's Respite (Queens),mental_health,"A short, voluntary crisis respite stay as an alternative to the hospital, with staff support 24/7. Free; insurance not required.",80-45 Winchester Blvd,Queens Village,Queens,11427,,24/7,Open 24/7. City form says stays up to 28 days; a 2019 source said 1-14 days. Admission depends on bed availability (about 10 beds).,Adults 18+ in emotional or mental health crisis who are not at imminent risk of harming themselves or others and are willing to take part. No diagnosis needed. Not a substitute for housing or shelter. May need a place to return to after the stay.,"NYC Residential Crisis Support/Respite Referral Form (from a provider, 988, or the program).",718-464-0375,,,,,,,https://www.nyc.gov/site/doh/health/health-topics/crisis-emergency-services-respite-centers.page https://www.nyc.gov/assets/doh/downloads/pdf/mh/crisis-respite-support-referral-form.pdf https://www.nysenate.gov/newsroom/press-releases/2019/joseph-addabbo/addabbo-speaks-tsiny-reps-respite-center-named-after https://naminycmetro.org/wp-content/uploads/2025/11/Crisis-Respite-Centers-2025-UD.pdf,Length of stay; walk-in policy; bed availability.
MH21,Staten Island Crisis Respite Center (Saint Joseph's),mental_health,A small (3-bed) short-term crisis respite program in West Brighton for adults in an emotional or mental health crisis.,1150 Castleton Avenue,West Brighton,Staten Island,10310,,,Call for referral and enrollment forms; appointment only. Walk-ins not accepted.,NYC residents 18+ who have a place to return to after the stay (shelter placement is OK). Not for people at imminent risk of harm.,Referral and enrollment forms (call to get them).,718-876-2810,,,,,,,https://saintjosephs.org/service/residential/crisis-respite-center/ https://www.nyc.gov/site/doh/health/health-topics/crisis-emergency-services-respite-centers.page https://www.nyc.gov/assets/doh/downloads/pdf/mh/crisis-respite-faq.pdf,Hours; bed availability.
MH22,Karen Horney Clinic,mental_health,"Low-cost counseling, psychodynamic therapy and psychoanalysis, usually at least once a week.",329 E 62nd St,Upper East Side,Manhattan,,,,"Older listing: intake line ext. 137, Mon-Fri 9am-9pm; leave a message and they call back.","Adults and others seeking affordable therapy; sliding-scale fees based on ability to pay. Accepts Medicare, Medicaid and many insurance plans.",,212-838-4333 x137,,,,,,,https://wccc.weillcornell.org/node/4 https://www.opencounseling.com/united-states/new-york/counseling-agency/karen-horney-clinic-inc,Zip (sources say 10065 or 10021); phone extension and hours from an older secondary directory; current insurance accepted.
MH23,Institute for Contemporary Psychotherapy (ICP),mental_health,Low-cost talk therapy with a sliding fee for people without insurance or out of network; also accepts some insurance including some Medicaid plans.,"1841 Broadway, 4th Floor",Columbus Circle,Manhattan,10023,,,Receptionists take calls on weekdays; press 0 for new appointments. Phone screen usually within two weeks.,People who need affordable therapy; sliding scale based on income.,,212-333-3444,,https://icpnyc.org,,,,,https://wccc.weillcornell.org/node/4 https://www.opencounseling.com/united-states/new-york/counseling-agency/institute-for-contemporary-psychotherapy-icp https://fordham.edu/student-life/safety-health-and-wellness/counseling-and-psychological-services/wellness-resources-for-students/off-campus-wellness-referrals,Address (some sources list 33 West 60th Street); current fees; hours. All details from secondary directories.
MH24,William Alanson White Institute clinical services,mental_health,Individual psychotherapy and psychoanalysis with fees on a sliding scale; also a Child and Family Center.,20 West 74th Street,Upper West Side,Manhattan,10023,,Mon-Fri 08:00-20:45,"Therapy sessions can be scheduled weekdays 8:00am-8:45pm, once or twice a week.",Adults (child and family services also offered). Sliding scale; an older form says Medicaid and Medicare are not accepted.,,212-873-0725,English; Japanese Psychotherapy Service available,https://wawhite.org,,,,,https://wawhite.org/individual-psychotherapy https://archive.wawhite.org/uploads/Adult_application_2021.pdf,Insurance/Medicaid policy (from older form); current fee range. Older forms list 212-873-7070.
MH25,Teen Line,mental_health,"A free, confidential line where trained teen volunteers listen and support other teens by phone or text.",,,Citywide,,,,"Phone 6pm-10pm Pacific (9pm-1am Eastern) every night; texts answered 6pm-9pm Pacific. Other times, call or text 988. t xTEEN to 839863.",Teens (one listing says ages 13-19). Free.,,800-852-8336,,https://www.teenline.org,,,,,https://www.teenline.org/youth https://search.211dupage.gov/search/fad39832-13af-5c0a-8bf8-f00a2195b5e6,Hours vary across sources; Eastern-time conversion is computed. National line run from California.
MH26,New York Inter-Group of Alcoholics Anonymous,mental_health,Free phone help from AA volunteers and information on AA meetings across NYC.,307 Seventh Avenue,Chelsea,Manhattan,10001,,,"Helpline volunteers answer daily, 9am to 2am (per NYIG site). Office/bookstore line 212-647-1647, Mon-Fri 9am-5pm (secondary source).","Anyone with a drinking problem, or anyone looking for AA meetings. Free.",,212-647-1680,,https://www.nyintergroup.org,,,,,https://www.nyintergroup.org/what-is-nyig/what-does-new-york-inter-group-do/ https://alcoholicsanonymous.com/aa-meeting/inter-group-association-of-a-a-of-new-yorkinc/,Suite/floor (sources say 2nd Floor or Suite 303); helpline hours (one source says 9am-2pm).
MH27,Greater New York Al-Anon Family Intergroup,mental_health,"Free Al-Anon and Alateen support groups for family and friends of people with a drinking problem, held across the five boroughs.","4 West 43rd Street, Suite 308",Midtown,Manhattan,10036,,,Check meeting list for times; many meetings also online.,Family and friends of people affected by someone else's drinking. No dues or fees.,,212-941-0094,English; Spanish (Intergrupo Hispano: 347-569-5547),http://www.nycalanon.org,,,,,https://al-anon.org/al-anon-meetings/worldwide-al-anon-contacts/pg/6/ https://www.1degree.org/opp/find-support-meetings-for-familes-nyc-al-anon-new-york-ny,"Office hours; address (an older source listed 200 Park Avenue South, 212-302-7240)."
MH28,Narcotics Anonymous Greater New York Region helpline,mental_health,A helpline for finding Narcotics Anonymous meetings and support for recovery from drug addiction.,,,Citywide,,,,,Anyone who wants to stop using drugs. Free.,,212-929-6262,,https://newyorkna.org,,,,,https://connections.westchesterlibraries.org/health/addiction/ https://www.pace.edu/counseling/resources/new-york-city-quick-referral-list,Phone and hours from secondary directories only (one lists 212-929-7117 too).
MH29,After Hours Project (harm reduction),mental_health,"Free harm reduction services including syringe exchange, naloxone and overdose prevention, support groups, and rapid HIV and Hep C testing.",1204 Broadway,Bushwick,Brooklyn,11221,,,Storefront open weekdays; mobile unit Mon-Fri 9am-5pm. Call for current sites and hours.,People who use drugs and their communities. Free.,,718-249-0755,,https://afterhoursproject.org,,,,,https://nasen.org/sep/after-hours-projects-harm-reduction-program https://wishproject.weill.cornell.edu/node/7 https://www.nyc.gov/assets/doh/downloads/pdf/hcp/harm-reduction-programs.pdf,"Storefront hours; address (a city naloxone list gives 935 Broadway, 11206)."
MH30,VOCAL-NY syringe exchange (Brooklyn),mental_health,Free syringe exchange and harm reduction supplies; may be able to deliver supplies in some cases.,300 Douglass Street,Gowanus,Brooklyn,11217,,Mon 11:00-13:00; Wed 11:00-13:00; Thu 11:00-13:00; Fri 11:00-13:00,Street-based site on Douglass St between 3rd and 4th Aves (2024 listing). Call for current hours.,People who use drugs. Free.,,718-802-9540,,https://vocal-ny.org/syringe-exchange,,,,,https://resources.mutualaid.nyc/services/1216835063447003 https://www.nyc.gov/assets/doh/downloads/pdf/basas/syringe-service.pdf,Hours (2024 community listing); phone (another listing gives 646-707-7308); neighborhood inferred.
MH31,BRC Fred Cooper Substance Abuse Service Center,mental_health,"Outpatient substance use treatment with mental health care, plus help with housing, case management, medication, jobs and legal referrals.","127 West 25th Street, 10th Floor",Chelsea,Manhattan,10001,,,,Adults seeking substance use treatment; call to check intake.,,212-803-5700,,https://www.brc.org/substance-abuse,,,,,https://www.brc.org/substance-abuse https://recovered.org/rehabs/bowery-residents-committee-new-york-ny https://rehabs.org/brc-chemical-dependency-crisis-center-cdcc/,Address and direct phone from secondary directories (212-803-5700 is BRC main office; program line listed as 212-529-6320 ext. 8716); hours; eligibility.
